Week,Week_Code,Market,Category,Net_Balance_1000JPY,Net_Balance_Billion_JPY
2025年1月1週,250101,TSE Prime,事業法人,326572501.0,326.572501
2025年1月1週,250101,Tokyo & Nagoya,自己計,-779995836.0,-779.995836
2025年1月1週,250101,Tokyo & Nagoya,法　人,-365521091.0,-365.521091
2025年1月1週,250101,Tokyo & Nagoya,個　人,727749714.0,727.749714
2025年1月1週,250101,Tokyo & Nagoya,海外投資家,343552189.0,343.552189
2025年1月1週,250101,Tokyo & Nagoya,証券会社,12736515.0,12.736515
2025年1月1週,250101,Tokyo & Nagoya,投資信託,-116178102.0,-116.178102
2025年1月1週,250101,Tokyo & Nagoya,事業法人,325674915.0,325.674915
2025年1月1週,250101,TSE Growth,自己計,-7440945.0,-7.440945
2025年1月1週,250101,TSE Growth,法　人,84297.0,0.084297
2025年1月1週,250101,TSE Growth,個　人,23051281.0,23.051281
2025年1月1週,250101,TSE Growth,海外投資家,-17757238.0,-17.757238
2025年1月1週,250101,TSE Growth,証券会社,261714.0,0.261714
2025年1月1週,250101,TSE Growth,投資信託,1167015.0,1.167015
2025年1月1週,250101,TSE Prime,投資信託,-118256010.0,-118.25601
2025年1月1週,250101,TSE Standard,自己計,-10086753.0,-10.086753
2025年1月1週,250101,TSE Prime,証券会社,11617517.0,11.617517
2025年1月1週,250101,TSE Prime,海外投資家,378615859.0,378.615859
2025年1月1週,250101,TSE Prime,個　人,678311071.0,678.311071
2025年1月1週,250101,TSE Prime,法　人,-364761253.0,-364.761253
2025年1月1週,250101,TSE Prime,自己計,-762443564.0,-762.443564
2025年1月1週,250101,TSE Growth,事業法人,223668.0,0.223668
2025年1月1週,250101,TSE Standard,投資信託,919878.0,0.919878
2025年1月1週,250101,TSE Standard,証券会社,846800.0,0.8468
2025年1月1週,250101,TSE Standard,海外投資家,-17306565.0,-17.306565
2025年1月1週,250101,TSE Standard,個　人,26333878.0,26.333878
2025年1月1週,250101,TSE Standard,法　人,-800658.0,-0.800658
2025年1月1週,250101,TSE Standard,事業法人,-1084245.0,-1.084245
2025年1月2週,250102,TSE Growth,海外投資家,-7871826.0,-7.871826
2025年1月2週,250102,TSE Growth,個　人,9301159.0,9.301159
2025年1月2週,250102,TSE Growth,法　人,-551016.0,-0.551016
2025年1月2週,250102,TSE Growth,自己計,-449533.0,-0.449533
2025年1月2週,250102,Tokyo & Nagoya,事業法人,205656884.0,205.656884
2025年1月2週,250102,Tokyo & Nagoya,海外投資家,-4618496.0,-4.618496
2025年1月2週,250102,Tokyo & Nagoya,証券会社,7601385.0,7.601385
2025年1月2週,250102,Tokyo & Nagoya,個　人,451331092.0,451.331092
2025年1月2週,250102,Tokyo & Nagoya,法　人,133363017.0,133.363017
2025年1月2週,250102,Tokyo & Nagoya,自己計,-614390287.0,-614.390287
2025年1月2週,250102,TSE Growth,証券会社,-220080.0,-0.22008
2025年1月2週,250102,Tokyo & Nagoya,投資信託,89809112.0,89.809112
2025年1月2週,250102,TSE Growth,投資信託,463657.0,0.463657
2025年1月2週,250102,TSE Growth,事業法人,822317.0,0.822317
2025年1月2週,250102,TSE Standard,自己計,-420144.0,-0.420144
2025年1月2週,250102,TSE Prime,投資信託,89102500.0,89.1025
2025年1月2週,250102,TSE Prime,証券会社,8506910.0,8.50691
2025年1月2週,250102,TSE Prime,海外投資家,8063521.0,8.063521
2025年1月2週,250102,TSE Prime,個　人,432394205.0,432.394205
2025年1月2週,250102,TSE Prime,法　人,138771450.0,138.77145
2025年1月2週,250102,TSE Prime,自己計,-613496797.0,-613.496797
2025年1月2週,250102,TSE Prime,事業法人,204296822.0,204.296822
2025年1月2週,250102,TSE Standard,投資信託,258505.0,0.258505
2025年1月2週,250102,TSE Standard,証券会社,-693223.0,-0.693223
2025年1月2週,250102,TSE Standard,海外投資家,-5005016.0,-5.005016
2025年1月2週,250102,TSE Standard,個　人,9642319.0,9.642319
2025年1月2週,250102,TSE Standard,法　人,-4684674.0,-4.684674
2025年1月2週,250102,TSE Standard,事業法人,699146.0,0.699146
2025年1月3週,250103,TSE Growth,海外投資家,50012.0,0.050012
2025年1月3週,250103,TSE Growth,個　人,-3221585.0,-3.221585
2025年1月3週,250103,TSE Growth,法　人,-748797.0,-0.748797
2025年1月3週,250103,TSE Growth,自己計,3083881.0,3.083881
2025年1月3週,250103,Tokyo & Nagoya,事業法人,198386183.0,198.386183
2025年1月3週,250103,Tokyo & Nagoya,海外投資家,391106701.0,391.106701
2025年1月3週,250103,Tokyo & Nagoya,証券会社,-1902217.0,-1.902217
2025年1月3週,250103,Tokyo & Nagoya,個　人,-458643678.0,-458.643678
2025年1月3週,250103,Tokyo & Nagoya,法　人,100912993.0,100.912993
2025年1月3週,250103,Tokyo & Nagoya,自己計,-94500759.0,-94.500759
2025年1月3週,250103,TSE Growth,証券会社,446426.0,0.446426
2025年1月3週,250103,Tokyo & Nagoya,投資信託,-31236160.0,-31.23616
2025年1月3週,250103,TSE Growth,投資信託,-100247.0,-0.100247
2025年1月3週,250103,TSE Growth,事業法人,4543950.0,4.54395
2025年1月3週,250103,TSE Standard,自己計,-349165.0,-0.349165
2025年1月3週,250103,TSE Prime,投資信託,-30194089.0,-30.194089
2025年1月3週,250103,TSE Prime,証券会社,-1581979.0,-1.581979
2025年1月3週,250103,TSE Prime,海外投資家,389069186.0,389.069186
2025年1月3週,250103,TSE Prime,個　人,-455534361.0,-455.534361
2025年1月3週,250103,TSE Prime,法　人,102524204.0,102.524204
2025年1月3週,250103,TSE Prime,自己計,-97222130.0,-97.22213
2025年1月3週,250103,TSE Prime,事業法人,192242885.0,192.242885
2025年1月3週,250103,TSE Standard,投資信託,-928375.0,-0.928375
2025年1月3週,250103,TSE Standard,証券会社,-769973.0,-0.769973
2025年1月3週,250103,TSE Standard,海外投資家,1979974.0,1.979974
2025年1月3週,250103,TSE Standard,個　人,80424.0,0.080424
2025年1月3週,250103,TSE Standard,法　人,-831878.0,-0.831878
2025年1月3週,250103,TSE Standard,事業法人,1617682.0,1.617682
2025年1月4週,250104,TSE Growth,海外投資家,-6150760.0,-6.15076
2025年1月4週,250104,TSE Growth,個　人,10280990.0,10.28099
2025年1月4週,250104,TSE Growth,法　人,-4880953.0,-4.880953
2025年1月4週,250104,TSE Growth,自己計,-245945.0,-0.245945
2025年1月4週,250104,Tokyo & Nagoya,事業法人,151611257.0,151.611257
2025年1月4週,250104,Tokyo & Nagoya,海外投資家,-313361726.0,-313.361726
2025年1月4週,250104,Tokyo & Nagoya,証券会社,3321259.0,3.321259
2025年1月4週,250104,Tokyo & Nagoya,個　人,142436226.0,142.436226
2025年1月4週,250104,Tokyo & Nagoya,法　人,-15793185.0,-15.793185
2025年1月4週,250104,Tokyo & Nagoya,自己計,139197400.0,139.1974
2025年1月4週,250104,TSE Growth,証券会社,70766.0,0.070766
2025年1月4週,250104,Tokyo & Nagoya,投資信託,-54858315.0,-54.858315
2025年1月4週,250104,TSE Growth,投資信託,2822517.0,2.822517
2025年1月4週,250104,TSE Growth,事業法人,88407.0,0.088407
2025年1月4週,250104,TSE Standard,自己計,7620159.0,7.620159
2025年1月4週,250104,TSE Prime,投資信託,-45675284.0,-45.675284
2025年1月4週,250104,TSE Prime,証券会社,3737558.0,3.737558
2025年1月4週,250104,TSE Prime,海外投資家,-335422021.0,-335.422021
2025年1月4週,250104,TSE Prime,個　人,116961992.0,116.961992
2025年1月4週,250104,TSE Prime,法　人,39404854.0,39.404854
2025年1月4週,250104,TSE Prime,自己計,131816052.0,131.816052
2025年1月4週,250104,TSE Prime,事業法人,151609232.0,151.609232
2025年1月4週,250104,TSE Standard,投資信託,-11991699.0,-11.991699
2025年1月4週,250104,TSE Standard,証券会社,-489943.0,-0.489943
2025年1月4週,250104,TSE Standard,海外投資家,28205692.0,28.205692
2025年1月4週,250104,TSE Standard,個　人,15222344.0,15.222344
2025年1月4週,250104,TSE Standard,法　人,-50327899.0,-50.327899
2025年1月4週,250104,TSE Standard,事業法人,-80174.0,-0.080174
2025年2月1週,250201,TSE Growth,海外投資家,6602205.0,6.602205
2025年2月1週,250201,TSE Growth,個　人,-5533606.0,-5.533606
2025年2月1週,250201,TSE Growth,法　人,-2963703.0,-2.963703
2025年2月1週,250201,TSE Growth,自己計,1831246.0,1.831246
2025年2月1週,250201,Tokyo & Nagoya,事業法人,303797651.0,303.797651
2025年2月1週,250201,Tokyo & Nagoya,海外投資家,-265752802.0,-265.752802
2025年2月1週,250201,Tokyo & Nagoya,証券会社,11253893.0,11.253893
2025年2月1週,250201,Tokyo & Nagoya,個　人,489228603.0,489.228603
2025年2月1週,250201,Tokyo & Nagoya,法　人,300559497.0,300.559497
2025年2月1週,250201,Tokyo & Nagoya,自己計,-527311040.0,-527.31104
2025年2月1週,250201,TSE Growth,証券会社,-261048.0,-0.261048
2025年2月1週,250201,Tokyo & Nagoya,投資信託,26784917.0,26.784917
2025年2月1週,250201,TSE Growth,投資信託,647278.0,0.647278
2025年2月1週,250201,TSE Prime,事業法人,293384430.0,293.38443
2025年2月1週,250201,TSE Standard,自己計,1919656.0,1.919656
2025年2月1週,250201,TSE Prime,投資信託,27697673.0,27.697673
2025年2月1週,250201,TSE Prime,証券会社,12093303.0,12.093303
2025年2月1週,250201,TSE Prime,海外投資家,-282093776.0,-282.093776
2025年2月1週,250201,TSE Prime,個　人,505052450.0,505.05245
2025年2月1週,250201,TSE Prime,法　人,302082982.0,302.082982
2025年2月1週,250201,TSE Prime,自己計,-536598530.0,-536.59853
2025年2月1週,250201,TSE Growth,事業法人,746895.0,0.746895
2025年2月1週,250201,TSE Standard,投資信託,-1421517.0,-1.421517
2025年2月1週,250201,TSE Standard,証券会社,-551629.0,-0.551629
2025年2月1週,250201,TSE Standard,海外投資家,7678563.0,7.678563
2025年2月1週,250201,TSE Standard,個　人,-3916108.0,-3.916108
2025年2月1週,250201,TSE Standard,法　人,2126763.0,2.126763
2025年2月1週,250201,TSE Standard,事業法人,10192023.0,10.192023
2025年2月2週,250202,TSE Growth,海外投資家,-7347738.0,-7.347738
2025年2月2週,250202,TSE Growth,個　人,14740164.0,14.740164
2025年2月2週,250202,TSE Growth,法　人,-1074924.0,-1.074924
2025年2月2週,250202,TSE Growth,自己計,-6772983.0,-6.772983
2025年2月2週,250202,Tokyo & Nagoya,事業法人,167565534.0,167.565534
2025年2月2週,250202,Tokyo & Nagoya,海外投資家,96432842.0,96.432842
2025年2月2週,250202,Tokyo & Nagoya,証券会社,-16548762.0,-16.548762
2025年2月2週,250202,Tokyo & Nagoya,個　人,-100118088.0,-100.118088
2025年2月2週,250202,Tokyo & Nagoya,法　人,18016039.0,18.016039
2025年2月2週,250202,Tokyo & Nagoya,自己計,40029496.0,40.029496
2025年2月2週,250202,TSE Growth,証券会社,-138243.0,-0.138243
2025年2月2週,250202,Tokyo & Nagoya,投資信託,-7887516.0,-7.887516
2025年2月2週,250202,TSE Growth,投資信託,-943563.0,-0.943563
2025年2月2週,250202,TSE Growth,事業法人,378575.0,0.378575
2025年2月2週,250202,TSE Standard,自己計,-524531.0,-0.524531
2025年2月2週,250202,TSE Prime,投資信託,-3220051.0,-3.220051
2025年2月2週,250202,TSE Prime,証券会社,-15936629.0,-15.936629
2025年2月2週,250202,TSE Prime,海外投資家,96878048.0,96.878048
2025年2月2週,250202,TSE Prime,個　人,-113347813.0,-113.347813
2025年2月2週,250202,TSE Prime,法　人,13117001.0,13.117001
2025年2月2週,250202,TSE Prime,自己計,46349032.0,46.349032
2025年2月2週,250202,TSE Prime,事業法人,153616037.0,153.616037
2025年2月2週,250202,TSE Standard,投資信託,-3683199.0,-3.683199
2025年2月2週,250202,TSE Standard,証券会社,-419235.0,-0.419235
2025年2月2週,250202,TSE Standard,海外投資家,5886980.0,5.88698
2025年2月2週,250202,TSE Standard,個　人,527908.0,0.527908
2025年2月2週,250202,TSE Standard,法　人,5731431.0,5.731431
2025年2月2週,250202,TSE Standard,事業法人,13211751.0,13.211751
2025年2月3週,250203,TSE Growth,海外投資家,-1957276.0,-1.957276
2025年2月3週,250203,TSE Growth,個　人,2125116.0,2.125116
2025年2月3週,250203,TSE Growth,法　人,-2713191.0,-2.713191
2025年2月3週,250203,TSE Growth,自己計,2855330.0,2.85533
2025年2月3週,250203,Tokyo & Nagoya,事業法人,210115247.0,210.115247
2025年2月3週,250203,Tokyo & Nagoya,海外投資家,-163238045.0,-163.238045
2025年2月3週,250203,Tokyo & Nagoya,証券会社,-2194209.0,-2.194209
2025年2月3週,250203,Tokyo & Nagoya,個　人,175108933.0,175.108933
2025年2月3週,250203,Tokyo & Nagoya,法　人,143901152.0,143.901152
2025年2月3週,250203,Tokyo & Nagoya,自己計,-168550603.0,-168.550603
2025年2月3週,250203,TSE Growth,証券会社,363298.0,0.363298
2025年2月3週,250203,Tokyo & Nagoya,投資信託,49863879.0,49.863879
2025年2月3週,250203,TSE Growth,投資信託,2457955.0,2.457955
2025年2月3週,250203,TSE Prime,事業法人,199995910.0,199.99591
2025年2月3週,250203,TSE Standard,自己計,88408.0,0.088408
2025年2月3週,250203,TSE Growth,事業法人,371254.0,0.371254
2025年2月3週,250203,TSE Prime,投資信託,47126861.0,47.126861
2025年2月3週,250203,TSE Prime,証券会社,-2132517.0,-2.132517
2025年2月3週,250203,TSE Prime,海外投資家,-146489956.0,-146.489956
2025年2月3週,250203,TSE Prime,法　人,143987351.0,143.987351
2025年2月3週,250203,TSE Prime,自己計,-171895920.0,-171.89592
2025年2月3週,250203,TSE Prime,個　人,161814179.0,161.814179
2025年2月3週,250203,TSE Standard,投資信託,274185.0,0.274185
2025年2月3週,250203,TSE Standard,証券会社,-379516.0,-0.379516
2025年2月3週,250203,TSE Standard,海外投資家,-15180819.0,-15.180819
2025年2月3週,250203,TSE Standard,個　人,11996272.0,11.996272
2025年2月3週,250203,TSE Standard,法　人,2534087.0,2.534087
2025年2月3週,250203,TSE Standard,事業法人,9531012.0,9.531012
2025年2月4週,250204,TSE Growth,自己計,1029683.0,1.029683
2025年2月4週,250204,TSE Growth,海外投資家,-3334907.0,-3.334907
2025年2月4週,250204,TSE Growth,個　人,2654200.0,2.6542
2025年2月4週,250204,TSE Growth,法　人,-1345506.0,-1.345506
2025年2月4週,250204,Tokyo & Nagoya,事業法人,156467581.0,156.467581
2025年2月4週,250204,TSE Growth,証券会社,433343.0,0.433343
2025年2月4週,250204,Tokyo & Nagoya,証券会社,20011183.0,20.011183
2025年2月4週,250204,Tokyo & Nagoya,海外投資家,-607154141.0,-607.154141
2025年2月4週,250204,Tokyo & Nagoya,個　人,518192386.0,518.192386
2025年2月4週,250204,Tokyo & Nagoya,法　人,155232950.0,155.23295
2025年2月4週,250204,Tokyo & Nagoya,自己計,-103501994.0,-103.501994
2025年2月4週,250204,Tokyo & Nagoya,投資信託,5093246.0,5.093246
2025年2月4週,250204,TSE Growth,投資信託,-1381629.0,-1.381629
2025年2月4週,250204,TSE Growth,事業法人,469008.0,0.469008
2025年2月4週,250204,TSE Standard,自己計,3304358.0,3.304358
2025年2月4週,250204,TSE Prime,投資信託,7375043.0,7.375043
2025年2月4週,250204,TSE Prime,証券会社,20173100.0,20.1731
2025年2月4週,250204,TSE Prime,海外投資家,-607714080.0,-607.71408
2025年2月4週,250204,TSE Prime,個　人,518027006.0,518.027006
2025年2月4週,250204,TSE Prime,法　人,160200700.0,160.2007
2025年2月4週,250204,TSE Prime,自己計,-107949554.0,-107.949554
2025年2月4週,250204,TSE Prime,事業法人,148653194.0,148.653194
2025年2月4週,250204,TSE Standard,投資信託,-905647.0,-0.905647
2025年2月4週,250204,TSE Standard,証券会社,-556161.0,-0.556161
2025年2月4週,250204,TSE Standard,海外投資家,3679998.0,3.679998
2025年2月4週,250204,TSE Standard,個　人,-2222636.0,-2.222636
2025年2月4週,250204,TSE Standard,法　人,-3620019.0,-3.620019
2025年2月4週,250204,TSE Standard,事業法人,7284351.0,7.284351
2025年3月1週,250301,TSE Growth,海外投資家,-14699419.0,-14.699419
2025年3月1週,250301,TSE Growth,個　人,17343445.0,17.343445
2025年3月1週,250301,TSE Growth,法　人,-1044567.0,-1.044567
2025年3月1週,250301,TSE Growth,自己計,-3288129.0,-3.288129
2025年3月1週,250301,Tokyo & Nagoya,事業法人,203759107.0,203.759107
2025年3月1週,250301,Tokyo & Nagoya,海外投資家,-101580863.0,-101.580863
2025年3月1週,250301,Tokyo & Nagoya,証券会社,-3789144.0,-3.789144
2025年3月1週,250301,Tokyo & Nagoya,個　人,-431929122.0,-431.929122
2025年3月1週,250301,Tokyo & Nagoya,法　人,830842591.0,830.842591
2025年3月1週,250301,Tokyo & Nagoya,自己計,-286242032.0,-286.242032
2025年3月1週,250301,TSE Growth,証券会社,429305.0,0.429305
2025年3月1週,250301,Tokyo & Nagoya,投資信託,257369999.0,257.369999
2025年3月1週,250301,TSE Growth,投資信託,-753211.0,-0.753211
2025年3月1週,250301,TSE Growth,事業法人,1878721.0,1.878721
2025年3月1週,250301,TSE Standard,自己計,-2229235.0,-2.229235
2025年3月1週,250301,TSE Prime,投資信託,261165227.0,261.165227
2025年3月1週,250301,TSE Prime,証券会社,-4989287.0,-4.989287
2025年3月1週,250301,TSE Prime,海外投資家,-73953965.0,-73.953965
2025年3月1週,250301,TSE Prime,個　人,-464321958.0,-464.321958
2025年3月1週,250301,TSE Prime,法　人,834835070.0,834.83507
2025年3月1週,250301,TSE Prime,自己計,-280734877.0,-280.734877
2025年3月1週,250301,TSE Prime,事業法人,200208926.0,200.208926
2025年3月1週,250301,TSE Standard,投資信託,-3048211.0,-3.048211
2025年3月1週,250301,TSE Standard,証券会社,779515.0,0.779515
2025年3月1週,250301,TSE Standard,海外投資家,-13149639.0,-13.149639
2025年3月1週,250301,TSE Standard,個　人,15190527.0,15.190527
2025年3月1週,250301,TSE Standard,法　人,-2871005.0,-2.871005
2025年3月1週,250301,TSE Standard,事業法人,1051637.0,1.051637
2025年3月2週,250302,TSE Growth,海外投資家,-15102430.0,-15.10243
2025年3月2週,250302,TSE Growth,個　人,10139928.0,10.139928
2025年3月2週,250302,TSE Growth,法　人,712079.0,0.712079
2025年3月2週,250302,TSE Growth,自己計,4045997.0,4.045997
2025年3月2週,250302,Tokyo & Nagoya,事業法人,97365159.0,97.365159
2025年3月2週,250302,Tokyo & Nagoya,海外投資家,-808595250.0,-808.59525
2025年3月2週,250302,Tokyo & Nagoya,証券会社,12578018.0,12.578018
2025年3月2週,250302,Tokyo & Nagoya,個　人,-130907400.0,-130.9074
2025年3月2週,250302,Tokyo & Nagoya,法　人,28039689.0,28.039689
2025年3月2週,250302,Tokyo & Nagoya,自己計,880216451.0,880.216451
2025年3月2週,250302,TSE Growth,証券会社,173052.0,0.173052
2025年3月2週,250302,Tokyo & Nagoya,投資信託,-83392185.0,-83.392185
2025年3月2週,250302,TSE Growth,投資信託,272786.0,0.272786
2025年3月2週,250302,TSE Prime,事業法人,93202433.0,93.202433
2025年3月2週,250302,TSE Standard,自己計,4438037.0,4.438037
2025年3月2週,250302,TSE Growth,事業法人,-612500.0,-0.6125
2025年3月2週,250302,TSE Prime,投資信託,-76086588.0,-76.086588
2025年3月2週,250302,TSE Prime,証券会社,12501201.0,12.501201
2025年3月2週,250302,TSE Prime,海外投資家,-792161132.0,-792.161132
2025年3月2週,250302,TSE Prime,法　人,36476970.0,36.47697
2025年3月2週,250302,TSE Prime,自己計,871629988.0,871.629988
2025年3月2週,250302,TSE Prime,個　人,-143040469.0,-143.040469
2025年3月2週,250302,TSE Standard,投資信託,-7576729.0,-7.576729
2025年3月2週,250302,TSE Standard,証券会社,-88334.0,-0.088334
2025年3月2週,250302,TSE Standard,海外投資家,-1517819.0,-1.517819
2025年3月2週,250302,TSE Standard,個　人,2210930.0,2.21093
2025年3月2週,250302,TSE Standard,法　人,-9094715.0,-9.094715
2025年3月2週,250302,TSE Standard,事業法人,4782414.0,4.782414
2025年3月3週,250303,TSE Growth,法　人,-386021.0,-0.386021
2025年3月3週,250303,TSE Growth,証券会社,-247136.0,-0.247136
2025年3月3週,250303,TSE Growth,海外投資家,11685558.0,11.685558
2025年3月3週,250303,TSE Growth,個　人,-10196333.0,-10.196333
2025年3月3週,250303,TSE Growth,自己計,-840551.0,-0.840551
2025年3月3週,250303,TSE Growth,投資信託,-727380.0,-0.72738
2025年3月3週,250303,Tokyo & Nagoya,投資信託,-128545708.0,-128.545708
2025年3月3週,250303,Tokyo & Nagoya,証券会社,-9187018.0,-9.187018
2025年3月3週,250303,Tokyo & Nagoya,海外投資家,261144507.0,261.144507
2025年3月3週,250303,Tokyo & Nagoya,個　人,-472934778.0,-472.934778
2025年3月3週,250303,Tokyo & Nagoya,法　人,-188279522.0,-188.279522
2025年3月3週,250303,Tokyo & Nagoya,事業法人,44953858.0,44.953858
2025年3月3週,250303,TSE Growth,事業法人,1769959.0,1.769959
2025年3月3週,250303,Tokyo & Nagoya,自己計,440433177.0,440.433177
2025年3月3週,250303,TSE Standard,法　人,-254051.0,-0.254051
2025年3月3週,250303,TSE Prime,事業法人,40859512.0,40.859512
2025年3月3週,250303,TSE Prime,投資信託,-125853042.0,-125.853042
2025年3月3週,250303,TSE Prime,証券会社,-7918545.0,-7.918545
2025年3月3週,250303,TSE Prime,海外投資家,227275420.0,227.27542
2025年3月3週,250303,TSE Prime,個　人,-445189566.0,-445.189566
2025年3月3週,250303,TSE Prime,法　人,-187244035.0,-187.244035
2025年3月3週,250303,TSE Standard,自己計,6504414.0,6.504414
2025年3月3週,250303,TSE Standard,事業法人,2349955.0,2.349955
2025年3月3週,250303,TSE Standard,投資信託,-1959390.0,-1.95939
2025年3月3週,250303,TSE Standard,証券会社,-1416695.0,-1.416695
2025年3月3週,250303,TSE Standard,海外投資家,21950664.0,21.950664
2025年3月3週,250303,TSE Standard,個　人,-17292957.0,-17.292957
2025年3月3週,250303,TSE Prime,自己計,434751576.0,434.751576
2025年3月4週,250304,TSE Growth,海外投資家,-5657371.0,-5.657371
2025年3月4週,250304,TSE Growth,法　人,-4887531.0,-4.887531
2025年3月4週,250304,TSE Growth,自己計,-2518321.0,-2.518321
2025年3月4週,250304,Tokyo & Nagoya,事業法人,-11470888.0,-11.470888
2025年3月4週,250304,Tokyo & Nagoya,海外投資家,-841689022.0,-841.689022
2025年3月4週,250304,Tokyo & Nagoya,証券会社,20451816.0,20.451816
2025年3月4週,250304,TSE Growth,証券会社,593505.0,0.593505
2025年3月4週,250304,Tokyo & Nagoya,個　人,478269233.0,478.269233
2025年3月4週,250304,Tokyo & Nagoya,法　人,-1046396832.0,-1046.396832
2025年3月4週,250304,Tokyo & Nagoya,自己計,1392984164.0,1392.984164
2025年3月4週,250304,Tokyo & Nagoya,投資信託,-182237565.0,-182.237565
2025年3月4週,250304,TSE Growth,投資信託,247443.0,0.247443
2025年3月4週,250304,TSE Growth,個　人,11533971.0,11.533971
2025年3月4週,250304,TSE Prime,事業法人,-11628065.0,-11.628065
2025年3月4週,250304,TSE Standard,自己計,6045956.0,6.045956
2025年3月4週,250304,TSE Prime,投資信託,-181646843.0,-181.646843
2025年3月4週,250304,TSE Prime,証券会社,20264817.0,20.264817
2025年3月4週,250304,TSE Prime,海外投資家,-827138241.0,-827.138241
2025年3月4週,250304,TSE Prime,個　人,457373306.0,457.373306
2025年3月4週,250304,TSE Prime,法　人,-1040250517.0,-1040.250517
2025年3月4週,250304,TSE Growth,事業法人,-429936.0,-0.429936
2025年3月4週,250304,TSE Standard,事業法人,618382.0,0.618382
2025年3月4週,250304,TSE Standard,投資信託,-841110.0,-0.84111
2025年3月4週,250304,TSE Standard,証券会社,-415849.0,-0.415849
2025年3月4週,250304,TSE Standard,海外投資家,-8980667.0,-8.980667
2025年3月4週,250304,TSE Standard,個　人,9448954.0,9.448954
2025年3月4週,250304,TSE Standard,法　人,-1272400.0,-1.2724
2025年3月4週,250304,TSE Prime,自己計,1389466153.0,1389.466153
2025年4月1週,250401,TSE Growth,証券会社,-397646.0,-0.397646
2025年4月1週,250401,TSE Growth,海外投資家,-3117741.0,-3.117741
2025年4月1週,250401,TSE Growth,個　人,3023227.0,3.023227
2025年4月1週,250401,TSE Growth,法　人,4950020.0,4.95002
2025年4月1週,250401,TSE Growth,自己計,-6002649.0,-6.002649
2025年4月1週,250401,Tokyo & Nagoya,海外投資家,601126001.0,601.126001
2025年4月1週,250401,Tokyo & Nagoya,投資信託,249911690.0,249.91169
2025年4月1週,250401,Tokyo & Nagoya,証券会社,32104425.0,32.104425
2025年4月1週,250401,Tokyo & Nagoya,個　人,720930299.0,720.930299
2025年4月1週,250401,Tokyo & Nagoya,法　人,392687672.0,392.687672
2025年4月1週,250401,Tokyo & Nagoya,自己計,-1819269652.0,-1819.269652
2025年4月1週,250401,Tokyo & Nagoya,事業法人,310263482.0,310.263482
2025年4月1週,250401,TSE Growth,投資信託,1888880.0,1.88888
2025年4月1週,250401,TSE Standard,自己計,-4850488.0,-4.850488
2025年4月1週,250401,TSE Standard,法　人,6100825.0,6.100825
2025年4月1週,250401,TSE Prime,事業法人,302484648.0,302.484648
2025年4月1週,250401,TSE Prime,投資信託,247705776.0,247.705776
2025年4月1週,250401,TSE Prime,証券会社,31679830.0,31.67983
2025年4月1週,250401,TSE Prime,海外投資家,621750486.0,621.750486
2025年4月1週,250401,TSE Prime,個　人,703805463.0,703.805463
2025年4月1週,250401,TSE Prime,法　人,381597167.0,381.597167
2025年4月1週,250401,TSE Growth,事業法人,1652806.0,1.652806
2025年4月1週,250401,TSE Standard,事業法人,6083537.0,6.083537
2025年4月1週,250401,TSE Standard,投資信託,318870.0,0.31887
2025年4月1週,250401,TSE Standard,証券会社,812457.0,0.812457
2025年4月1週,250401,TSE Standard,海外投資家,-17557983.0,-17.557983
2025年4月1週,250401,TSE Standard,個　人,14259503.0,14.259503
2025年4月1週,250401,TSE Prime,自己計,-1808474287.0,-1808.474287
2025年4月2週,250402,TSE Growth,証券会社,346088.0,0.346088
2025年4月2週,250402,TSE Growth,海外投資家,12852246.0,12.852246
2025年4月2週,250402,TSE Growth,個　人,-14680609.0,-14.680609
2025年4月2週,250402,TSE Growth,法　人,3459776.0,3.459776
2025年4月2週,250402,TSE Growth,自己計,-1855615.0,-1.855615
2025年4月2週,250402,Tokyo & Nagoya,証券会社,21510098.0,21.510098
2025年4月2週,250402,Tokyo & Nagoya,投資信託,69121804.0,69.121804
2025年4月2週,250402,Tokyo & Nagoya,海外投資家,158228771.0,158.228771
2025年4月2週,250402,Tokyo & Nagoya,個　人,-117711658.0,-117.711658
2025年4月2週,250402,Tokyo & Nagoya,法　人,591879614.0,591.879614
2025年4月2週,250402,TSE Growth,投資信託,2107695.0,2.107695
2025年4月2週,250402,Tokyo & Nagoya,事業法人,365387225.0,365.387225
2025年4月2週,250402,Tokyo & Nagoya,自己計,-673666229.0,-673.666229
2025年4月2週,250402,TSE Standard,自己計,4311124.0,4.311124
2025年4月2週,250402,TSE Standard,法　人,5548608.0,5.548608
2025年4月2週,250402,TSE Growth,事業法人,718954.0,0.718954
2025年4月2週,250402,TSE Prime,投資信託,65707562.0,65.707562
2025年4月2週,250402,TSE Prime,証券会社,21222092.0,21.222092
2025年4月2週,250402,TSE Prime,海外投資家,132692788.0,132.692788
2025年4月2週,250402,TSE Prime,個　人,-82258481.0,-82.258481
2025年4月2週,250402,TSE Prime,法　人,582821394.0,582.821394
2025年4月2週,250402,TSE Prime,事業法人,358330632.0,358.330632
2025年4月2週,250402,TSE Standard,事業法人,6325623.0,6.325623
2025年4月2週,250402,TSE Standard,投資信託,1266361.0,1.266361
2025年4月2週,250402,TSE Standard,証券会社,-80476.0,-0.080476
2025年4月2週,250402,TSE Standard,海外投資家,12610091.0,12.610091
2025年4月2週,250402,TSE Standard,個　人,-20558021.0,-20.558021
2025年4月2週,250402,TSE Prime,自己計,-676188775.0,-676.188775
2025年4月3週,250403,TSE Growth,海外投資家,-6758601.0,-6.758601
2025年4月3週,250403,TSE Growth,個　人,8196604.0,8.196604
2025年4月3週,250403,TSE Growth,法　人,781228.0,0.781228
2025年4月3週,250403,TSE Growth,自己計,-2513235.0,-2.513235
2025年4月3週,250403,Tokyo & Nagoya,事業法人,184950944.0,184.950944
2025年4月3週,250403,Tokyo & Nagoya,海外投資家,150379338.0,150.379338
2025年4月3週,250403,Tokyo & Nagoya,証券会社,-4158830.0,-4.15883
2025年4月3週,250403,Tokyo & Nagoya,個　人,-230535497.0,-230.535497
2025年4月3週,250403,Tokyo & Nagoya,法　人,316599601.0,316.599601
2025年4月3週,250403,Tokyo & Nagoya,自己計,-229078512.0,-229.078512
2025年4月3週,250403,TSE Growth,証券会社,-335762.0,-0.335762
2025年4月3週,250403,TSE Growth,投資信託,1355393.0,1.355393
2025年4月3週,250403,Tokyo & Nagoya,投資信託,71417828.0,71.417828
2025年4月3週,250403,TSE Growth,事業法人,276339.0,0.276339
2025年4月3週,250403,TSE Standard,自己計,3345710.0,3.34571
2025年4月3週,250403,TSE Prime,投資信託,69287245.0,69.287245
2025年4月3週,250403,TSE Prime,証券会社,-3803621.0,-3.803621
2025年4月3週,250403,TSE Prime,海外投資家,167950271.0,167.950271
2025年4月3週,250403,TSE Prime,個　人,-244488527.0,-244.488527
2025年4月3週,250403,TSE Prime,法　人,310966104.0,310.966104
2025年4月3週,250403,TSE Prime,事業法人,183117557.0,183.117557
2025年4月3週,250403,TSE Standard,事業法人,1421747.0,1.421747
2025年4月3週,250403,TSE Standard,投資信託,773912.0,0.773912
2025年4月3週,250403,TSE Standard,証券会社,-32322.0,-0.032322
2025年4月3週,250403,TSE Standard,海外投資家,-10820750.0,-10.82075
2025年4月3週,250403,TSE Standard,個　人,5801507.0,5.801507
2025年4月3週,250403,TSE Standard,法　人,4870937.0,4.870937
2025年4月3週,250403,TSE Prime,自己計,-229966389.0,-229.966389
2025年4月4週,250404,TSE Growth,証券会社,-738570.0,-0.73857
2025年4月4週,250404,TSE Growth,海外投資家,-10601362.0,-10.601362
2025年4月4週,250404,TSE Growth,個　人,14868860.0,14.86886
2025年4月4週,250404,TSE Growth,法　人,-1219929.0,-1.219929
2025年4月4週,250404,TSE Growth,自己計,-2875270.0,-2.87527
2025年4月4週,250404,Tokyo & Nagoya,海外投資家,288137076.0,288.137076
2025年4月4週,250404,Tokyo & Nagoya,投資信託,-56782879.0,-56.782879
2025年4月4週,250404,Tokyo & Nagoya,証券会社,-5150277.0,-5.150277
2025年4月4週,250404,Tokyo & Nagoya,個　人,-354932670.0,-354.93267
2025年4月4週,250404,Tokyo & Nagoya,法　人,-145479546.0,-145.479546
2025年4月4週,250404,TSE Growth,投資信託,793918.0,0.793918
2025年4月4週,250404,Tokyo & Nagoya,事業法人,79303492.0,79.303492
2025年4月4週,250404,TSE Growth,事業法人,-34927.0,-0.034927
2025年4月4週,250404,Tokyo & Nagoya,自己計,226341511.0,226.341511
2025年4月4週,250404,TSE Standard,法　人,931681.0,0.931681
2025年4月4週,250404,TSE Prime,事業法人,78576674.0,78.576674
2025年4月4週,250404,TSE Prime,投資信託,-57950695.0,-57.950695
2025年4月4週,250404,TSE Prime,証券会社,-4188275.0,-4.188275
2025年4月4週,250404,TSE Prime,海外投資家,306180686.0,306.180686
2025年4月4週,250404,TSE Prime,個　人,-378409953.0,-378.409953
2025年4月4週,250404,TSE Prime,法　人,-145195043.0,-145.195043
2025年4月4週,250404,TSE Standard,自己計,-637327.0,-0.637327
2025年4月4週,250404,TSE Standard,事業法人,783002.0,0.783002
2025年4月4週,250404,TSE Standard,投資信託,368830.0,0.36883
2025年4月4週,250404,TSE Standard,証券会社,-272510.0,-0.27251
2025年4月4週,250404,TSE Standard,海外投資家,-7455763.0,-7.455763
2025年4月4週,250404,TSE Standard,個　人,8691023.0,8.691023
2025年4月4週,250404,TSE Prime,自己計,229839324.0,229.839324
2025年5月1週,250501,TSE Growth,証券会社,52524.0,0.052524
2025年5月1週,250501,TSE Growth,海外投資家,4862315.0,4.862315
2025年5月1週,250501,TSE Growth,個　人,-4079852.0,-4.079852
2025年5月1週,250501,TSE Growth,法　人,183671.0,0.183671
2025年5月1週,250501,TSE Growth,自己計,-1591543.0,-1.591543
2025年5月1週,250501,Tokyo & Nagoya,証券会社,-5546990.0,-5.54699
2025年5月1週,250501,Tokyo & Nagoya,投資信託,177613281.0,177.613281
2025年5月1週,250501,Tokyo & Nagoya,海外投資家,394609056.0,394.609056
2025年5月1週,250501,Tokyo & Nagoya,個　人,-167337048.0,-167.337048
2025年5月1週,250501,Tokyo & Nagoya,法　人,21290410.0,21.29041
2025年5月1週,250501,TSE Growth,投資信託,1100422.0,1.100422
2025年5月1週,250501,Tokyo & Nagoya,事業法人,105781460.0,105.78146
2025年5月1週,250501,Tokyo & Nagoya,自己計,-223426358.0,-223.426358
2025年5月1週,250501,TSE Growth,事業法人,782492.0,0.782492
2025年5月1週,250501,TSE Standard,法　人,-384784.0,-0.384784
2025年5月1週,250501,TSE Standard,自己計,-1918361.0,-1.918361
2025年5月1週,250501,TSE Prime,事業法人,103648258.0,103.648258
2025年5月1週,250501,TSE Prime,投資信託,175230960.0,175.23096
2025年5月1週,250501,TSE Prime,証券会社,-5101550.0,-5.10155
2025年5月1週,250501,TSE Prime,個　人,-161662725.0,-161.662725
2025年5月1週,250501,TSE Prime,法　人,21497961.0,21.497961
2025年5月1週,250501,TSE Prime,海外投資家,386993183.0,386.993183
2025年5月1週,250501,TSE Standard,事業法人,1399888.0,1.399888
2025年5月1週,250501,TSE Standard,投資信託,1265714.0,1.265714
2025年5月1週,250501,TSE Standard,証券会社,-505502.0,-0.505502
2025年5月1週,250501,TSE Standard,海外投資家,2746702.0,2.746702
2025年5月1週,250501,TSE Standard,個　人,-1599998.0,-1.599998
2025年5月1週,250501,TSE Prime,自己計,-219906760.0,-219.90676
2025年5月2週,250502,TSE Growth,法　人,-446189.0,-0.446189
2025年5月2週,250502,TSE Growth,証券会社,-293733.0,-0.293733
2025年5月2週,250502,TSE Growth,海外投資家,-4901088.0,-4.901088
2025年5月2週,250502,TSE Growth,個　人,7337448.0,7.337448
2025年5月2週,250502,TSE Growth,自己計,-2414804.0,-2.414804
2025年5月2週,250502,TSE Growth,投資信託,129070.0,0.12907
2025年5月2週,250502,Tokyo & Nagoya,投資信託,31975051.0,31.975051
2025年5月2週,250502,Tokyo & Nagoya,証券会社,-10802416.0,-10.802416
2025年5月2週,250502,Tokyo & Nagoya,海外投資家,357010332.0,357.010332
2025年5月2週,250502,Tokyo & Nagoya,個　人,-357635278.0,-357.635278
2025年5月2週,250502,Tokyo & Nagoya,法　人,-205401277.0,-205.401277
2025年5月2週,250502,Tokyo & Nagoya,事業法人,156577767.0,156.577767
2025年5月2週,250502,TSE Growth,事業法人,-175473.0,-0.175473
2025年5月2週,250502,Tokyo & Nagoya,自己計,226187754.0,226.187754
2025年5月2週,250502,TSE Standard,法　人,-5027084.0,-5.027084
2025年5月2週,250502,TSE Prime,事業法人,154985751.0,154.985751
2025年5月2週,250502,TSE Prime,投資信託,31454739.0,31.454739
2025年5月2週,250502,TSE Prime,証券会社,-10211405.0,-10.211405
2025年5月2週,250502,TSE Prime,海外投資家,363985893.0,363.985893
2025年5月2週,250502,TSE Prime,個　人,-371454547.0,-371.454547
2025年5月2週,250502,TSE Prime,法　人,-199909215.0,-199.909215
2025年5月2週,250502,TSE Standard,自己計,-298709.0,-0.298709
2025年5月2週,250502,TSE Standard,事業法人,1780366.0,1.780366
2025年5月2週,250502,TSE Standard,投資信託,385668.0,0.385668
2025年5月2週,250502,TSE Standard,証券会社,-280993.0,-0.280993
2025年5月2週,250502,TSE Standard,海外投資家,-2093705.0,-2.093705
2025年5月2週,250502,TSE Standard,個　人,6449833.0,6.449833
2025年5月2週,250502,TSE Prime,自己計,228921214.0,228.921214
2025年5月3週,250503,TSE Growth,海外投資家,12024444.0,12.024444
2025年5月3週,250503,TSE Growth,法　人,-4568000.0,-4.568
2025年5月3週,250503,TSE Growth,自己計,-185395.0,-0.185395
2025年5月3週,250503,Tokyo & Nagoya,事業法人,256065806.0,256.065806
2025年5月3週,250503,Tokyo & Nagoya,海外投資家,623278926.0,623.278926
2025年5月3週,250503,Tokyo & Nagoya,証券会社,-7744268.0,-7.744268
2025年5月3週,250503,TSE Growth,証券会社,-264388.0,-0.264388
2025年5月3週,250503,Tokyo & Nagoya,個　人,-257976300.0,-257.9763
2025年5月3週,250503,Tokyo & Nagoya,法　人,-218705436.0,-218.705436
2025年5月3週,250503,Tokyo & Nagoya,自己計,-123213193.0,-123.213193
2025年5月3週,250503,Tokyo & Nagoya,投資信託,8597785.0,8.597785
2025年5月3週,250503,TSE Growth,投資信託,-1577146.0,-1.577146
2025年5月3週,250503,TSE Growth,個　人,-6648881.0,-6.648881
2025年5月3週,250503,TSE Prime,事業法人,242869059.0,242.869059
2025年5月3週,250503,TSE Standard,自己計,6177256.0,6.177256
2025年5月3週,250503,TSE Prime,投資信託,9608273.0,9.608273
2025年5月3週,250503,TSE Prime,証券会社,-7042460.0,-7.04246
2025年5月3週,250503,TSE Prime,海外投資家,597828622.0,597.828622
2025年5月3週,250503,TSE Prime,個　人,-222531257.0,-222.531257
2025年5月3週,250503,TSE Prime,法　人,-223587447.0,-223.587447
2025年5月3週,250503,TSE Growth,事業法人,-1620074.0,-1.620074
2025年5月3週,250503,TSE Standard,事業法人,14831904.0,14.831904
2025年5月3週,250503,TSE Standard,投資信託,544967.0,0.544967
2025年5月3週,250503,TSE Standard,証券会社,-300814.0,-0.300814
2025年5月3週,250503,TSE Standard,海外投資家,13374366.0,13.374366
2025年5月3週,250503,TSE Standard,個　人,-28905378.0,-28.905378
2025年5月3週,250503,TSE Standard,法　人,9448973.0,9.448973
2025年5月3週,250503,TSE Prime,自己計,-129189015.0,-129.189015
2025年5月4週,250504,TSE Growth,証券会社,-552276.0,-0.552276
2025年5月4週,250504,TSE Growth,海外投資家,-9854522.0,-9.854522
2025年5月4週,250504,TSE Growth,個　人,13002513.0,13.002513
2025年5月4週,250504,TSE Growth,法　人,-1363875.0,-1.363875
2025年5月4週,250504,TSE Growth,自己計,-585320.0,-0.58532
2025年5月4週,250504,Tokyo & Nagoya,海外投資家,285023033.0,285.023033
2025年5月4週,250504,Tokyo & Nagoya,投資信託,73804459.0,73.804459
2025年5月4週,250504,Tokyo & Nagoya,証券会社,-1660375.0,-1.660375
2025年5月4週,250504,Tokyo & Nagoya,個　人,-55060613.0,-55.060613
2025年5月4週,250504,Tokyo & Nagoya,法　人,666381392.0,666.381392
2025年5月4週,250504,Tokyo & Nagoya,自己計,-909604988.0,-909.604988
2025年5月4週,250504,Tokyo & Nagoya,事業法人,715623761.0,715.623761
2025年5月4週,250504,TSE Growth,投資信託,-933507.0,-0.933507
2025年5月4週,250504,TSE Growth,事業法人,2274205.0,2.274205
2025年5月4週,250504,TSE Standard,法　人,-2969182.0,-2.969182
2025年5月4週,250504,TSE Prime,事業法人,712068889.0,712.068889
2025年5月4週,250504,TSE Prime,投資信託,73864988.0,73.864988
2025年5月4週,250504,TSE Prime,証券会社,-143610.0,-0.14361
2025年5月4週,250504,TSE Prime,海外投資家,283322651.0,283.322651
2025年5月4週,250504,TSE Prime,個　人,-61280351.0,-61.280351
2025年5月4週,250504,TSE Prime,法　人,670710467.0,670.710467
2025年5月4週,250504,TSE Standard,自己計,-2367395.0,-2.367395
2025年5月4週,250504,TSE Standard,事業法人,1286360.0,1.28636
2025年5月4週,250504,TSE Standard,投資信託,836499.0,0.836499
2025年5月4週,250504,TSE Standard,証券会社,-924382.0,-0.924382
2025年5月4週,250504,TSE Standard,海外投資家,11466482.0,11.466482
2025年5月4週,250504,TSE Standard,個　人,-6753384.0,-6.753384
2025年5月4週,250504,TSE Prime,自己計,-906632260.0,-906.63226
2025年5月5週,250505,TSE Growth,証券会社,233475.0,0.233475
2025年5月5週,250505,TSE Growth,海外投資家,-5369737.0,-5.369737
2025年5月5週,250505,TSE Growth,個　人,10165421.0,10.165421
2025年5月5週,250505,TSE Growth,法　人,-3689921.0,-3.689921
2025年5月5週,250505,TSE Growth,自己計,70103.0,0.070103
2025年5月5週,250505,Tokyo & Nagoya,証券会社,-12269335.0,-12.269335
2025年5月5週,250505,Tokyo & Nagoya,投資信託,-264107351.0,-264.107351
2025年5月5週,250505,Tokyo & Nagoya,海外投資家,616572817.0,616.572817
2025年5月5週,250505,Tokyo & Nagoya,個　人,-356780428.0,-356.780428
2025年5月5週,250505,Tokyo & Nagoya,法　人,-233765613.0,-233.765613
2025年5月5週,250505,TSE Growth,投資信託,-376281.0,-0.376281
2025年5月5週,250505,Tokyo & Nagoya,事業法人,246927400.0,246.9274
2025年5月5週,250505,Tokyo & Nagoya,自己計,25872748.0,25.872748
2025年5月5週,250505,TSE Growth,事業法人,-2983255.0,-2.983255
2025年5月5週,250505,TSE Standard,法　人,-3053957.0,-3.053957
2025年5月5週,250505,TSE Standard,自己計,-1422173.0,-1.422173
2025年5月5週,250505,TSE Prime,事業法人,253173155.0,253.173155
2025年5月5週,250505,TSE Prime,投資信託,-264318473.0,-264.318473
2025年5月5週,250505,TSE Prime,証券会社,-11935496.0,-11.935496
2025年5月5週,250505,TSE Prime,個　人,-360996165.0,-360.996165
2025年5月5週,250505,TSE Prime,法　人,-227032056.0,-227.032056
2025年5月5週,250505,TSE Prime,海外投資家,611564165.0,611.564165
2025年5月5週,250505,TSE Standard,事業法人,-3262279.0,-3.262279
2025年5月5週,250505,TSE Standard,投資信託,592192.0,0.592192
2025年5月5週,250505,TSE Standard,証券会社,-566149.0,-0.566149
2025年5月5週,250505,TSE Standard,海外投資家,10353759.0,10.353759
2025年5月5週,250505,TSE Standard,個　人,-5989380.0,-5.98938
2025年5月5週,250505,TSE Prime,自己計,27277773.0,27.277773
2025年6月1週,250601,TSE Growth,法　人,403363.0,0.403363
2025年6月1週,250601,TSE Growth,証券会社,-291443.0,-0.291443
2025年6月1週,250601,TSE Growth,海外投資家,-17363171.0,-17.363171
2025年6月1週,250601,TSE Growth,個　人,22922256.0,22.922256
2025年6月1週,250601,TSE Growth,自己計,-6097170.0,-6.09717
2025年6月1週,250601,Tokyo & Nagoya,自己計,-332580318.0,-332.580318
2025年6月1週,250601,Tokyo & Nagoya,投資信託,-21117347.0,-21.117347
2025年6月1週,250601,Tokyo & Nagoya,証券会社,5987191.0,5.987191
2025年6月1週,250601,Tokyo & Nagoya,海外投資家,398591776.0,398.591776
2025年6月1週,250601,Tokyo & Nagoya,個　人,161849133.0,161.849133
2025年6月1週,250601,Tokyo & Nagoya,法　人,-185712238.0,-185.712238
2025年6月1週,250601,TSE Growth,投資信託,4147060.0,4.14706
2025年6月1週,250601,TSE Growth,事業法人,405561.0,0.405561
2025年6月1週,250601,Tokyo & Nagoya,事業法人,344644471.0,344.644471
2025年6月1週,250601,TSE Standard,法　人,-6198667.0,-6.198667
2025年6月1週,250601,TSE Prime,事業法人,346658114.0,346.658114
2025年6月1週,250601,TSE Prime,投資信託,-23656783.0,-23.656783
2025年6月1週,250601,TSE Prime,証券会社,7958527.0,7.958527
2025年6月1週,250601,TSE Prime,海外投資家,393216039.0,393.216039
2025年6月1週,250601,TSE Prime,個　人,189024477.0,189.024477
2025年6月1週,250601,TSE Prime,法　人,-179891927.0,-179.891927
2025年6月1週,250601,TSE Standard,自己計,36272523.0,36.272523
2025年6月1週,250601,TSE Standard,事業法人,-2412171.0,-2.412171
2025年6月1週,250601,TSE Standard,投資信託,-1626506.0,-1.626506
2025年6月1週,250601,TSE Standard,証券会社,-1684357.0,-1.684357
2025年6月1週,250601,TSE Standard,海外投資家,22784785.0,22.784785
2025年6月1週,250601,TSE Standard,個　人,-50188202.0,-50.188202
2025年6月1週,250601,TSE Prime,自己計,-362718699.0,-362.718699
2025年6月2週,250602,TSE Growth,海外投資家,7851217.0,7.851217
2025年6月2週,250602,TSE Growth,個　人,4573767.0,4.573767
2025年6月2週,250602,TSE Growth,法　人,-6202519.0,-6.202519
2025年6月2週,250602,TSE Growth,自己計,-4132190.0,-4.13219
2025年6月2週,250602,Tokyo & Nagoya,事業法人,322989950.0,322.98995
2025年6月2週,250602,Tokyo & Nagoya,海外投資家,99704954.0,99.704954
2025年6月2週,250602,Tokyo & Nagoya,証券会社,-9388006.0,-9.388006
2025年6月2週,250602,Tokyo & Nagoya,個　人,-4009916.0,-4.009916
2025年6月2週,250602,Tokyo & Nagoya,法　人,213313630.0,213.31363
2025年6月2週,250602,Tokyo & Nagoya,自己計,-362073839.0,-362.073839
2025年6月2週,250602,TSE Growth,証券会社,-305923.0,-0.305923
2025年6月2週,250602,Tokyo & Nagoya,投資信託,-2647681.0,-2.647681
2025年6月2週,250602,TSE Growth,投資信託,-669968.0,-0.669968
2025年6月2週,250602,TSE Growth,事業法人,-1638444.0,-1.638444
2025年6月2週,250602,TSE Standard,自己計,109174.0,0.109174
2025年6月2週,250602,TSE Prime,投資信託,-1213391.0,-1.213391
2025年6月2週,250602,TSE Prime,証券会社,-8619520.0,-8.61952
2025年6月2週,250602,TSE Prime,海外投資家,96873927.0,96.873927
2025年6月2週,250602,TSE Prime,個　人,-18805758.0,-18.805758
2025年6月2週,250602,TSE Prime,法　人,222479989.0,222.479989
2025年6月2週,250602,TSE Prime,自己計,-357997252.0,-357.997252
2025年6月2週,250602,TSE Prime,事業法人,324517238.0,324.517238
2025年6月2週,250602,TSE Standard,投資信託,-808989.0,-0.808989
2025年6月2週,250602,TSE Standard,証券会社,-464160.0,-0.46416
2025年6月2週,250602,TSE Standard,海外投資家,-5032687.0,-5.032687
2025年6月2週,250602,TSE Standard,個　人,10171366.0,10.171366
2025年6月2週,250602,TSE Standard,法　人,-2972516.0,-2.972516
2025年6月2週,250602,TSE Standard,事業法人,170822.0,0.170822
2025年6月3週,250603,TSE Growth,海外投資家,-11755453.0,-11.755453
2025年6月3週,250603,TSE Growth,個　人,20592511.0,20.592511
2025年6月3週,250603,TSE Growth,法　人,-9300523.0,-9.300523
2025年6月3週,250603,TSE Growth,自己計,-636231.0,-0.636231
2025年6月3週,250603,Tokyo & Nagoya,事業法人,297551480.0,297.55148
2025年6月3週,250603,Tokyo & Nagoya,海外投資家,88459899.0,88.459899
2025年6月3週,250603,Tokyo & Nagoya,証券会社,-12621726.0,-12.621726
2025年6月3週,250603,Tokyo & Nagoya,個　人,-232631240.0,-232.63124
2025年6月3週,250603,Tokyo & Nagoya,法　人,190126694.0,190.126694
2025年6月3週,250603,Tokyo & Nagoya,自己計,-38369304.0,-38.369304
2025年6月3週,250603,TSE Growth,証券会社,-154896.0,-0.154896
2025年6月3週,250603,Tokyo & Nagoya,投資信託,61396501.0,61.396501
2025年6月3週,250603,TSE Growth,投資信託,926979.0,0.926979
2025年6月3週,250603,TSE Growth,事業法人,-2632564.0,-2.632564
2025年6月3週,250603,TSE Standard,自己計,-1408585.0,-1.408585
2025年6月3週,250603,TSE Prime,投資信託,46050350.0,46.05035
2025年6月3週,250603,TSE Prime,証券会社,-11996825.0,-11.996825
2025年6月3週,250603,TSE Prime,海外投資家,97075374.0,97.075374
2025年6月3週,250603,TSE Prime,個　人,-251053180.0,-251.05318
2025年6月3週,250603,TSE Prime,法　人,184227472.0,184.227472
2025年6月3週,250603,TSE Prime,自己計,-36295702.0,-36.295702
2025年6月3週,250603,TSE Prime,事業法人,296700083.0,296.700083
2025年6月3週,250603,TSE Standard,投資信託,14419170.0,14.41917
2025年6月3週,250603,TSE Standard,証券会社,-452461.0,-0.452461
2025年6月3週,250603,TSE Standard,海外投資家,3150917.0,3.150917
2025年6月3週,250603,TSE Standard,個　人,-2169005.0,-2.169005
2025年6月3週,250603,TSE Standard,法　人,15145644.0,15.145644
2025年6月3週,250603,TSE Standard,事業法人,3395362.0,3.395362
2025年6月4週,250604,TSE Growth,海外投資家,-6350953.0,-6.350953
2025年6月4週,250604,TSE Growth,個　人,14897313.0,14.897313
2025年6月4週,250604,TSE Growth,法　人,-5687622.0,-5.687622
2025年6月4週,250604,TSE Growth,自己計,-3712306.0,-3.712306
2025年6月4週,250604,Tokyo & Nagoya,事業法人,42039409.0,42.039409
2025年6月4週,250604,Tokyo & Nagoya,海外投資家,339822204.0,339.822204
2025年6月4週,250604,Tokyo & Nagoya,証券会社,-17358043.0,-17.358043
2025年6月4週,250604,Tokyo & Nagoya,個　人,-591709901.0,-591.709901
2025年6月4週,250604,Tokyo & Nagoya,法　人,129089673.0,129.089673
2025年6月4週,250604,Tokyo & Nagoya,自己計,53002122.0,53.002122
2025年6月4週,250604,TSE Growth,証券会社,-42200.0,-0.0422
2025年6月4週,250604,Tokyo & Nagoya,投資信託,120435716.0,120.435716
2025年6月4週,250604,TSE Growth,投資信託,-220888.0,-0.220888
2025年6月4週,250604,TSE Growth,事業法人,-2401231.0,-2.401231
2025年6月4週,250604,TSE Standard,自己計,17493791.0,17.493791
2025年6月4週,250604,TSE Prime,投資信託,120490101.0,120.490101
2025年6月4週,250604,TSE Prime,証券会社,-17459083.0,-17.459083
2025年6月4週,250604,TSE Prime,海外投資家,366091354.0,366.091354
2025年6月4週,250604,TSE Prime,事業法人,42762914.0,42.762914
2025年6月4週,250604,TSE Prime,法　人,134099175.0,134.099175
2025年6月4週,250604,TSE Prime,自己計,39254792.0,39.254792
2025年6月4週,250604,TSE Prime,個　人,-606083384.0,-606.083384
2025年6月4週,250604,TSE Standard,投資信託,161224.0,0.161224
2025年6月4週,250604,TSE Standard,証券会社,157763.0,0.157763
2025年6月4週,250604,TSE Standard,海外投資家,-19921624.0,-19.921624
2025年6月4週,250604,TSE Standard,個　人,-528117.0,-0.528117
2025年6月4週,250604,TSE Standard,法　人,646823.0,0.646823
2025年6月4週,250604,TSE Standard,事業法人,1702607.0,1.702607
2025年7月1週,250701,TSE Growth,海外投資家,-23111808.0,-23.111808
2025年7月1週,250701,TSE Growth,個　人,25304474.0,25.304474
2025年7月1週,250701,TSE Growth,法　人,-1530852.0,-1.530852
2025年7月1週,250701,TSE Growth,自己計,-2881914.0,-2.881914
2025年7月1週,250701,Tokyo & Nagoya,事業法人,245479703.0,245.479703
2025年7月1週,250701,Tokyo & Nagoya,自己計,-672817832.0,-672.817832
2025年7月1週,250701,Tokyo & Nagoya,証券会社,4477923.0,4.477923
2025年7月1週,250701,Tokyo & Nagoya,海外投資家,545637476.0,545.637476
2025年7月1週,250701,Tokyo & Nagoya,個　人,-60326993.0,-60.326993
2025年7月1週,250701,Tokyo & Nagoya,法　人,98900453.0,98.900453
2025年7月1週,250701,TSE Growth,証券会社,481477.0,0.481477
2025年7月1週,250701,Tokyo & Nagoya,投資信託,-156189504.0,-156.189504
2025年7月1週,250701,TSE Growth,投資信託,1543408.0,1.543408
2025年7月1週,250701,TSE Standard,事業法人,2222240.0,2.22224
2025年7月1週,250701,TSE Standard,自己計,-2915646.0,-2.915646
2025年7月1週,250701,TSE Prime,事業法人,243223396.0,243.223396
2025年7月1週,250701,TSE Prime,投資信託,-156009472.0,-156.009472
2025年7月1週,250701,TSE Prime,証券会社,2453964.0,2.453964
2025年7月1週,250701,TSE Prime,海外投資家,577500603.0,577.500603
2025年7月1週,250701,TSE Prime,個　人,-98086218.0,-98.086218
2025年7月1週,250701,TSE Prime,法　人,101792071.0,101.792071
2025年7月1週,250701,TSE Growth,事業法人,42516.0,0.042516
2025年7月1週,250701,TSE Standard,投資信託,-1755429.0,-1.755429
2025年7月1週,250701,TSE Standard,証券会社,1544570.0,1.54457
2025年7月1週,250701,TSE Standard,海外投資家,-8766445.0,-8.766445
2025年7月1週,250701,TSE Standard,個　人,12629446.0,12.629446
2025年7月1週,250701,TSE Standard,法　人,-1564708.0,-1.564708
2025年7月1週,250701,TSE Prime,自己計,-666974388.0,-666.974388
2025年7月2週,250702,TSE Growth,海外投資家,218419.0,0.218419
2025年7月2週,250702,TSE Growth,個　人,6884020.0,6.88402
2025年7月2週,250702,TSE Growth,法　人,-2682963.0,-2.682963
2025年7月2週,250702,TSE Growth,自己計,-3956615.0,-3.956615
2025年7月2週,250702,Tokyo & Nagoya,事業法人,228086220.0,228.08622
2025年7月2週,250702,Tokyo & Nagoya,海外投資家,403085131.0,403.085131
2025年7月2週,250702,Tokyo & Nagoya,証券会社,2433949.0,2.433949
2025年7月2週,250702,Tokyo & Nagoya,個　人,-66547033.0,-66.547033
2025年7月2週,250702,Tokyo & Nagoya,法　人,-234311260.0,-234.31126
2025年7月2週,250702,Tokyo & Nagoya,自己計,-148323215.0,-148.323215
2025年7月2週,250702,TSE Growth,証券会社,-123555.0,-0.123555
2025年7月2週,250702,Tokyo & Nagoya,投資信託,-442782603.0,-442.782603
2025年7月2週,250702,TSE Growth,投資信託,2804077.0,2.804077
2025年7月2週,250702,TSE Growth,事業法人,-2183309.0,-2.183309
2025年7月2週,250702,TSE Standard,自己計,-5167495.0,-5.167495
2025年7月2週,250702,TSE Prime,投資信託,-446468021.0,-446.468021
2025年7月2週,250702,TSE Prime,証券会社,2461886.0,2.461886
2025年7月2週,250702,TSE Prime,海外投資家,400343944.0,400.343944
2025年7月2週,250702,TSE Prime,事業法人,231979346.0,231.979346
2025年7月2週,250702,TSE Prime,法　人,-228180375.0,-228.180375
2025年7月2週,250702,TSE Prime,自己計,-139148067.0,-139.148067
2025年7月2週,250702,TSE Prime,個　人,-74300101.0,-74.300101
2025年7月2週,250702,TSE Standard,投資信託,873576.0,0.873576
2025年7月2週,250702,TSE Standard,証券会社,124940.0,0.12494
2025年7月2週,250702,TSE Standard,海外投資家,2493271.0,2.493271
2025年7月2週,250702,TSE Standard,個　人,687734.0,0.687734
2025年7月2週,250702,TSE Standard,法　人,-3302517.0,-3.302517
2025年7月2週,250702,TSE Standard,事業法人,-1680690.0,-1.68069
2025年7月3週,250703,TSE Growth,海外投資家,-800851.0,-0.800851
2025年7月3週,250703,TSE Growth,個　人,6134678.0,6.134678
2025年7月3週,250703,TSE Growth,法　人,-5260939.0,-5.260939
2025年7月3週,250703,TSE Growth,自己計,-228670.0,-0.22867
2025年7月3週,250703,Tokyo & Nagoya,事業法人,216272295.0,216.272295
2025年7月3週,250703,Tokyo & Nagoya,自己計,-390766239.0,-390.766239
2025年7月3週,250703,Tokyo & Nagoya,証券会社,-1383632.0,-1.383632
2025年7月3週,250703,Tokyo & Nagoya,海外投資家,187508315.0,187.508315
2025年7月3週,250703,Tokyo & Nagoya,個　人,-87985482.0,-87.985482
2025年7月3週,250703,Tokyo & Nagoya,法　人,201847346.0,201.847346
2025年7月3週,250703,TSE Growth,証券会社,195272.0,0.195272
2025年7月3週,250703,Tokyo & Nagoya,投資信託,58474583.0,58.474583
2025年7月3週,250703,TSE Growth,投資信託,-262261.0,-0.262261
2025年7月3週,250703,TSE Standard,事業法人,3838189.0,3.838189
2025年7月3週,250703,TSE Standard,自己計,2141911.0,2.141911
2025年7月3週,250703,TSE Prime,事業法人,214229473.0,214.229473
2025年7月3週,250703,TSE Prime,投資信託,58806838.0,58.806838
2025年7月3週,250703,TSE Prime,証券会社,-979873.0,-0.979873
2025年7月3週,250703,TSE Growth,事業法人,-2107065.0,-2.107065
2025年7月3週,250703,TSE Prime,個　人,-101075253.0,-101.075253
2025年7月3週,250703,TSE Prime,法　人,206421047.0,206.421047
2025年7月3週,250703,TSE Prime,海外投資家,200238561.0,200.238561
2025年7月3週,250703,TSE Standard,投資信託,-68648.0,-0.068648
2025年7月3週,250703,TSE Standard,証券会社,-567817.0,-0.567817
2025年7月3週,250703,TSE Standard,海外投資家,-11935842.0,-11.935842
2025年7月3週,250703,TSE Standard,個　人,6892175.0,6.892175
2025年7月3週,250703,TSE Standard,法　人,640254.0,0.640254
2025年7月3週,250703,TSE Prime,自己計,-392647625.0,-392.647625
2025年7月4週,250704,TSE Growth,証券会社,179820.0,0.17982
2025年7月4週,250704,TSE Growth,海外投資家,8060708.0,8.060708
2025年7月4週,250704,TSE Growth,個　人,-10035737.0,-10.035737
2025年7月4週,250704,TSE Growth,法　人,-2168154.0,-2.168154
2025年7月4週,250704,TSE Growth,自己計,4038830.0,4.03883
2025年7月4週,250704,Tokyo & Nagoya,法　人,64859961.0,64.859961
2025年7月4週,250704,Tokyo & Nagoya,投資信託,-22253055.0,-22.253055
2025年7月4週,250704,Tokyo & Nagoya,証券会社,-26274929.0,-26.274929
2025年7月4週,250704,Tokyo & Nagoya,海外投資家,602395039.0,602.395039
2025年7月4週,250704,Tokyo & Nagoya,個　人,-1219052113.0,-1219.052113
2025年7月4週,250704,TSE Growth,投資信託,87743.0,0.087743
2025年7月4週,250704,Tokyo & Nagoya,事業法人,94604358.0,94.604358
2025年7月4週,250704,TSE Growth,事業法人,-218084.0,-0.218084
2025年7月4週,250704,TSE Standard,事業法人,4559475.0,4.559475
2025年7月4週,250704,TSE Standard,法　人,1517751.0,1.517751
2025年7月4週,250704,TSE Standard,個　人,-30215153.0,-30.215153
2025年7月4週,250704,TSE Standard,海外投資家,22758833.0,22.758833
2025年7月4週,250704,TSE Standard,証券会社,-387147.0,-0.387147
2025年7月4週,250704,TSE Standard,投資信託,-158751.0,-0.158751
2025年7月4週,250704,TSE Prime,自己計,550626336.0,550.626336
2025年7月4週,250704,TSE Prime,法　人,65383608.0,65.383608
2025年7月4週,250704,TSE Prime,個　人,-1178803529.0,-1178.803529
2025年7月4週,250704,TSE Prime,海外投資家,571534383.0,571.534383
2025年7月4週,250704,TSE Prime,証券会社,-25895889.0,-25.895889
2025年7月4週,250704,TSE Prime,投資信託,-22184550.0,-22.18455
2025年7月4週,250704,TSE Prime,事業法人,90166662.0,90.166662
2025年7月4週,250704,TSE Standard,自己計,2088499.0,2.088499
2025年7月4週,250704,Tokyo & Nagoya,自己計,556727621.0,556.727621
2025年7月5週,250705,TSE Prime,事業法人,288021728.0,288.021728
2025年7月5週,250705,TSE Prime,証券会社,-5351293.0,-5.351293
2025年7月5週,250705,TSE Prime,投資信託,62441474.0,62.441474
2025年7月5週,250705,Tokyo & Nagoya,自己計,223919350.0,223.91935
2025年7月5週,250705,Tokyo & Nagoya,法　人,-68264588.0,-68.264588
2025年7月5週,250705,Tokyo & Nagoya,個　人,25542718.0,25.542718
2025年7月5週,250705,Tokyo & Nagoya,海外投資家,-189205698.0,-189.205698
2025年7月5週,250705,Tokyo & Nagoya,証券会社,-5814351.0,-5.814351
2025年7月5週,250705,Tokyo & Nagoya,投資信託,58938584.0,58.938584
2025年7月5週,250705,TSE Growth,自己計,-4761884.0,-4.761884
2025年7月5週,250705,TSE Growth,法　人,-4490680.0,-4.49068
2025年7月5週,250705,TSE Growth,個　人,23665052.0,23.665052
2025年7月5週,250705,TSE Growth,海外投資家,-14512835.0,-14.512835
2025年7月5週,250705,TSE Growth,証券会社,364791.0,0.364791
2025年7月5週,250705,Tokyo & Nagoya,事業法人,286602734.0,286.602734
2025年7月5週,250705,TSE Growth,事業法人,-2963268.0,-2.963268
2025年7月5週,250705,TSE Growth,投資信託,365919.0,0.365919
2025年7月5週,250705,TSE Prime,個　人,17417393.0,17.417393
2025年7月5週,250705,TSE Prime,法　人,-58663904.0,-58.663904
2025年7月5週,250705,TSE Prime,自己計,225524766.0,225.524766
2025年7月5週,250705,TSE Standard,事業法人,1541834.0,1.541834
2025年7月5週,250705,TSE Standard,投資信託,-3894668.0,-3.894668
2025年7月5週,250705,TSE Prime,海外投資家,-199357862.0,-199.357862
2025年7月5週,250705,TSE Standard,海外投資家,24616946.0,24.616946
2025年7月5週,250705,TSE Standard,個　人,-15489465.0,-15.489465
2025年7月5週,250705,TSE Standard,法　人,-5215578.0,-5.215578
2025年7月5週,250705,TSE Standard,自己計,3260526.0,3.260526
2025年7月5週,250705,TSE Standard,証券会社,-813065.0,-0.813065
2025年8月1週,250801,TSE Growth,投資信託,525145.0,0.525145
2025年8月1週,250801,TSE Growth,証券会社,271450.0,0.27145
2025年8月1週,250801,TSE Growth,海外投資家,20997558.0,20.997558
2025年8月1週,250801,TSE Growth,個　人,-20646449.0,-20.646449
2025年8月1週,250801,TSE Growth,法　人,-1456721.0,-1.456721
2025年8月1週,250801,TSE Growth,自己計,491386.0,0.491386
2025年8月1週,250801,Tokyo & Nagoya,海外投資家,-5334314.0,-5.334314
2025年8月1週,250801,Tokyo & Nagoya,証券会社,-19665860.0,-19.66586
2025年8月1週,250801,Tokyo & Nagoya,個　人,-578057685.0,-578.057685
2025年8月1週,250801,Tokyo & Nagoya,法　人,-22178045.0,-22.178045
2025年8月1週,250801,Tokyo & Nagoya,自己計,646129828.0,646.129828
2025年8月1週,250801,Tokyo & Nagoya,投資信託,-38022283.0,-38.022283
2025年8月1週,250801,TSE Growth,事業法人,270392.0,0.270392
2025年8月1週,250801,Tokyo & Nagoya,事業法人,246020841.0,246.020841
2025年8月1週,250801,TSE Standard,法　人,2245775.0,2.245775
2025年8月1週,250801,TSE Prime,投資信託,-41249156.0,-41.249156
2025年8月1週,250801,TSE Prime,証券会社,-19343108.0,-19.343108
2025年8月1週,250801,TSE Prime,海外投資家,-37324415.0,-37.324415
2025年8月1週,250801,TSE Prime,個　人,-543235232.0,-543.235232
2025年8月1週,250801,TSE Prime,法　人,-22986706.0,-22.986706
2025年8月1週,250801,TSE Prime,自己計,644404535.0,644.404535
2025年8月1週,250801,TSE Standard,自己計,1305832.0,1.305832
2025年8月1週,250801,TSE Standard,事業法人,1654264.0,1.654264
2025年8月1週,250801,TSE Standard,投資信託,2688434.0,2.688434
2025年8月1週,250801,TSE Standard,証券会社,-588271.0,-0.588271
2025年8月1週,250801,TSE Standard,海外投資家,10987138.0,10.987138
2025年8月1週,250801,TSE Standard,個　人,-14251666.0,-14.251666
2025年8月1週,250801,TSE Prime,事業法人,244052489.0,244.052489
2025年8月2週,250802,TSE Growth,証券会社,-222595.0,-0.222595
2025年8月2週,250802,TSE Growth,海外投資家,9176411.0,9.176411
2025年8月2週,250802,TSE Growth,個　人,-7374581.0,-7.374581
2025年8月2週,250802,TSE Growth,法　人,-6106195.0,-6.106195
2025年8月2週,250802,TSE Growth,自己計,2574876.0,2.574876
2025年8月2週,250802,Tokyo & Nagoya,証券会社,-28171336.0,-28.171336
2025年8月2週,250802,Tokyo & Nagoya,投資信託,9971230.0,9.97123
2025年8月2週,250802,Tokyo & Nagoya,海外投資家,573775742.0,573.775742
2025年8月2週,250802,Tokyo & Nagoya,個　人,-1125354016.0,-1125.354016
2025年8月2週,250802,Tokyo & Nagoya,法　人,-130627495.0,-130.627495
2025年8月2週,250802,TSE Growth,投資信託,-917453.0,-0.917453
2025年8月2週,250802,Tokyo & Nagoya,事業法人,181121193.0,181.121193
2025年8月2週,250802,Tokyo & Nagoya,自己計,736082718.0,736.082718
2025年8月2週,250802,TSE Growth,事業法人,-517790.0,-0.51779
2025年8月2週,250802,TSE Standard,法　人,2801059.0,2.801059
2025年8月2週,250802,TSE Standard,自己計,1806589.0,1.806589
2025年8月2週,250802,TSE Prime,事業法人,175802607.0,175.802607
2025年8月2週,250802,TSE Prime,投資信託,11608929.0,11.608929
2025年8月2週,250802,TSE Prime,証券会社,-28381112.0,-28.381112
2025年8月2週,250802,TSE Prime,個　人,-1104050310.0,-1104.05031
2025年8月2週,250802,TSE Prime,法　人,-127507314.0,-127.507314
2025年8月2週,250802,TSE Prime,海外投資家,555031880.0,555.03188
2025年8月2週,250802,TSE Standard,事業法人,5595252.0,5.595252
2025年8月2週,250802,TSE Standard,投資信託,-734612.0,-0.734612
2025年8月2週,250802,TSE Standard,証券会社,483899.0,0.483899
2025年8月2週,250802,TSE Standard,海外投資家,9643949.0,9.643949
2025年8月2週,250802,TSE Standard,個　人,-13880549.0,-13.880549
2025年8月2週,250802,TSE Prime,自己計,731729404.0,731.729404
2025年8月3週,250803,TSE Growth,法　人,-8053064.0,-8.053064
2025年8月3週,250803,TSE Growth,証券会社,203998.0,0.203998
2025年8月3週,250803,TSE Growth,海外投資家,-19195249.0,-19.195249
2025年8月3週,250803,TSE Growth,個　人,31017499.0,31.017499
2025年8月3週,250803,TSE Growth,自己計,-3762914.0,-3.762914
2025年8月3週,250803,TSE Growth,投資信託,-474175.0,-0.474175
2025年8月3週,250803,Tokyo & Nagoya,証券会社,-2943779.0,-2.943779
2025年8月3週,250803,Tokyo & Nagoya,海外投資家,-198867487.0,-198.867487
2025年8月3週,250803,Tokyo & Nagoya,個　人,150198086.0,150.198086
2025年8月3週,250803,Tokyo & Nagoya,法　人,-156983708.0,-156.983708
2025年8月3週,250803,Tokyo & Nagoya,自己計,201616804.0,201.616804
2025年8月3週,250803,Tokyo & Nagoya,投資信託,-291042745.0,-291.042745
2025年8月3週,250803,TSE Growth,事業法人,-1388024.0,-1.388024
2025年8月3週,250803,Tokyo & Nagoya,事業法人,237442921.0,237.442921
2025年8月3週,250803,TSE Standard,法　人,-4555008.0,-4.555008
2025年8月3週,250803,TSE Prime,投資信託,-289313063.0,-289.313063
2025年8月3週,250803,TSE Prime,証券会社,-2040157.0,-2.040157
2025年8月3週,250803,TSE Prime,海外投資家,-187549994.0,-187.549994
2025年8月3週,250803,TSE Prime,個　人,121544586.0,121.544586
2025年8月3週,250803,TSE Prime,法　人,-144091093.0,-144.091093
2025年8月3週,250803,TSE Prime,自己計,206442727.0,206.442727
2025年8月3週,250803,TSE Standard,自己計,-993553.0,-0.993553
2025年8月3週,250803,TSE Standard,事業法人,-2219208.0,-2.219208
2025年8月3週,250803,TSE Standard,投資信託,-1296631.0,-1.296631
2025年8月3週,250803,TSE Standard,証券会社,-1079536.0,-1.079536
2025年8月3週,250803,TSE Standard,海外投資家,7760688.0,7.760688
2025年8月3週,250803,TSE Standard,個　人,-2650014.0,-2.650014
2025年8月3週,250803,TSE Prime,事業法人,241203772.0,241.203772
2025年8月4週,250804,TSE Growth,海外投資家,-10107913.0,-10.107913
2025年8月4週,250804,TSE Growth,法　人,-7338119.0,-7.338119
2025年8月4週,250804,TSE Growth,自己計,-2966732.0,-2.966732
2025年8月4週,250804,Tokyo & Nagoya,事業法人,415279027.0,415.279027
2025年8月4週,250804,Tokyo & Nagoya,海外投資家,-303154299.0,-303.154299
2025年8月4週,250804,Tokyo & Nagoya,証券会社,3453953.0,3.453953
2025年8月4週,250804,TSE Growth,証券会社,211139.0,0.211139
2025年8月4週,250804,Tokyo & Nagoya,個　人,413478555.0,413.478555
2025年8月4週,250804,Tokyo & Nagoya,法　人,-415331183.0,-415.331183
2025年8月4週,250804,Tokyo & Nagoya,自己計,269148534.0,269.148534
2025年8月4週,250804,Tokyo & Nagoya,投資信託,-213869523.0,-213.869523
2025年8月4週,250804,TSE Growth,投資信託,-1426616.0,-1.426616
2025年8月4週,250804,TSE Growth,個　人,19338228.0,19.338228
2025年8月4週,250804,TSE Prime,事業法人,413725712.0,413.725712
2025年8月4週,250804,TSE Standard,自己計,-3424314.0,-3.424314
2025年8月4週,250804,TSE Prime,投資信託,-210777508.0,-210.777508
2025年8月4週,250804,TSE Prime,証券会社,4090762.0,4.090762
2025年8月4週,250804,TSE Prime,海外投資家,-286690236.0,-286.690236
2025年8月4週,250804,TSE Prime,個　人,380988457.0,380.988457
2025年8月4週,250804,TSE Prime,法　人,-405999507.0,-405.999507
2025年8月4週,250804,TSE Growth,事業法人,-1884648.0,-1.884648
2025年8月4週,250804,TSE Standard,事業法人,3343379.0,3.343379
2025年8月4週,250804,TSE Standard,投資信託,-1667332.0,-1.667332
2025年8月4週,250804,TSE Standard,証券会社,-850404.0,-0.850404
2025年8月4週,250804,TSE Standard,海外投資家,-6498219.0,-6.498219
2025年8月4週,250804,TSE Standard,個　人,13361003.0,13.361003
2025年8月4週,250804,TSE Standard,法　人,-2052342.0,-2.052342
2025年8月4週,250804,TSE Prime,自己計,275599422.0,275.599422
2025年9月1週,250901,TSE Growth,証券会社,-747833.0,-0.747833
2025年9月1週,250901,TSE Growth,海外投資家,-28035020.0,-28.03502
2025年9月1週,250901,TSE Growth,個　人,38132988.0,38.132988
2025年9月1週,250901,TSE Growth,法　人,-4362759.0,-4.362759
2025年9月1週,250901,TSE Growth,自己計,-6793822.0,-6.793822
2025年9月1週,250901,Tokyo & Nagoya,海外投資家,131445850.0,131.44585
2025年9月1週,250901,Tokyo & Nagoya,投資信託,-93920852.0,-93.920852
2025年9月1週,250901,Tokyo & Nagoya,証券会社,8018260.0,8.01826
2025年9月1週,250901,Tokyo & Nagoya,個　人,165783096.0,165.783096
2025年9月1週,250901,Tokyo & Nagoya,法　人,-279435636.0,-279.435636
2025年9月1週,250901,Tokyo & Nagoya,自己計,-30658776.0,-30.658776
2025年9月1週,250901,Tokyo & Nagoya,事業法人,325299853.0,325.299853
2025年9月1週,250901,TSE Growth,投資信託,-1594529.0,-1.594529
2025年9月1週,250901,TSE Growth,事業法人,1765040.0,1.76504
2025年9月1週,250901,TSE Standard,法　人,-9995647.0,-9.995647
2025年9月1週,250901,TSE Prime,事業法人,320537193.0,320.537193
2025年9月1週,250901,TSE Prime,投資信託,-87822522.0,-87.822522
2025年9月1週,250901,TSE Prime,証券会社,9107238.0,9.107238
2025年9月1週,250901,TSE Prime,海外投資家,163179673.0,163.179673
2025年9月1週,250901,TSE Prime,個　人,113773735.0,113.773735
2025年9月1週,250901,TSE Prime,法　人,-265083505.0,-265.083505
2025年9月1週,250901,TSE Standard,自己計,-1525935.0,-1.525935
2025年9月1週,250901,TSE Standard,事業法人,2961344.0,2.961344
2025年9月1週,250901,TSE Standard,投資信託,-4510069.0,-4.510069
2025年9月1週,250901,TSE Standard,証券会社,-244704.0,-0.244704
2025年9月1週,250901,TSE Standard,海外投資家,-3731088.0,-3.731088
2025年9月1週,250901,TSE Standard,個　人,13815853.0,13.815853
2025年9月1週,250901,TSE Prime,自己計,-22277314.0,-22.277314
2025年9月2週,250902,TSE Growth,証券会社,259266.0,0.259266
2025年9月2週,250902,TSE Growth,海外投資家,-22107316.0,-22.107316
2025年9月2週,250902,TSE Growth,個　人,25728599.0,25.728599
2025年9月2週,250902,TSE Growth,法　人,-1953712.0,-1.953712
2025年9月2週,250902,TSE Growth,自己計,-2669047.0,-2.669047
2025年9月2週,250902,Tokyo & Nagoya,証券会社,-13250109.0,-13.250109
2025年9月2週,250902,Tokyo & Nagoya,投資信託,-104917449.0,-104.917449
2025年9月2週,250902,Tokyo & Nagoya,海外投資家,-692367194.0,-692.367194
2025年9月2週,250902,Tokyo & Nagoya,個　人,-468895579.0,-468.895579
2025年9月2週,250902,Tokyo & Nagoya,法　人,-126974104.0,-126.974104
2025年9月2週,250902,TSE Growth,投資信託,-826681.0,-0.826681
2025年9月2週,250902,Tokyo & Nagoya,事業法人,207733414.0,207.733414
2025年9月2週,250902,Tokyo & Nagoya,自己計,1259599090.0,1259.59909
2025年9月2週,250902,TSE Growth,事業法人,433454.0,0.433454
2025年9月2週,250902,TSE Standard,法　人,-34070693.0,-34.070693
2025年9月2週,250902,TSE Standard,自己計,20584510.0,20.58451
2025年9月2週,250902,TSE Prime,事業法人,223258190.0,223.25819
2025年9月2週,250902,TSE Prime,投資信託,-102714204.0,-102.714204
2025年9月2週,250902,TSE Prime,証券会社,-13414021.0,-13.414021
2025年9月2週,250902,TSE Prime,個　人,-522179592.0,-522.179592
2025年9月2週,250902,TSE Prime,法　人,-90688036.0,-90.688036
2025年9月2週,250902,TSE Prime,海外投資家,-653313300.0,-653.3133
2025年9月2週,250902,TSE Standard,事業法人,-16007704.0,-16.007704
2025年9月2週,250902,TSE Standard,投資信託,-1377266.0,-1.377266
2025年9月2週,250902,TSE Standard,証券会社,-91497.0,-0.091497
2025年9月2週,250902,TSE Standard,海外投資家,-16953618.0,-16.953618
2025年9月2週,250902,TSE Standard,個　人,27552143.0,27.552143
2025年9月2週,250902,TSE Prime,自己計,1241459129.0,1241.459129
2025年9月3週,250903,TSE Growth,自己計,97919.0,0.097919
2025年9月3週,250903,TSE Growth,海外投資家,-3269766.0,-3.269766
2025年9月3週,250903,TSE Growth,個　人,7266617.0,7.266617
2025年9月3週,250903,TSE Growth,法　人,-5226152.0,-5.226152
2025年9月3週,250903,TSE Growth,証券会社,-134292.0,-0.134292
2025年9月3週,250903,Tokyo & Nagoya,自己計,754004247.0,754.004247
2025年9月3週,250903,Tokyo & Nagoya,投資信託,-45385686.0,-45.385686
2025年9月3週,250903,Tokyo & Nagoya,証券会社,-7247752.0,-7.247752
2025年9月3週,250903,Tokyo & Nagoya,海外投資家,-294384229.0,-294.384229
2025年9月3週,250903,Tokyo & Nagoya,個　人,-32664718.0,-32.664718
2025年9月3週,250903,Tokyo & Nagoya,法　人,-429585918.0,-429.585918
2025年9月3週,250903,Tokyo & Nagoya,事業法人,182480344.0,182.480344
2025年9月3週,250903,TSE Growth,投資信託,-786717.0,-0.786717
2025年9月3週,250903,TSE Standard,事業法人,3331115.0,3.331115
2025年9月3週,250903,TSE Standard,自己計,3418939.0,3.418939
2025年9月3週,250903,TSE Prime,事業法人,179560299.0,179.560299
2025年9月3週,250903,TSE Prime,投資信託,-45401058.0,-45.401058
2025年9月3週,250903,TSE Prime,証券会社,-6183083.0,-6.183083
2025年9月3週,250903,TSE Prime,海外投資家,-289347197.0,-289.347197
2025年9月3週,250903,TSE Prime,個　人,-35358724.0,-35.358724
2025年9月3週,250903,TSE Prime,法　人,-424785773.0,-424.785773
2025年9月3週,250903,TSE Growth,事業法人,-614460.0,-0.61446
2025年9月3週,250903,TSE Standard,投資信託,802315.0,0.802315
2025年9月3週,250903,TSE Standard,証券会社,-936459.0,-0.936459
2025年9月3週,250903,TSE Standard,海外投資家,-1769832.0,-1.769832
2025年9月3週,250903,TSE Standard,個　人,-4550263.0,-4.550263
2025年9月3週,250903,TSE Standard,法　人,402961.0,0.402961
2025年9月3週,250903,TSE Prime,自己計,750501909.0,750.501909
2025年9月4週,250904,TSE Growth,海外投資家,-16147530.0,-16.14753
2025年9月4週,250904,TSE Growth,個　人,22084820.0,22.08482
2025年9月4週,250904,TSE Growth,法　人,-4474578.0,-4.474578
2025年9月4週,250904,TSE Growth,自己計,-2936601.0,-2.936601
2025年9月4週,250904,Tokyo & Nagoya,事業法人,-21323626.0,-21.323626
2025年9月4週,250904,Tokyo & Nagoya,海外投資家,-559181267.0,-559.181267
2025年9月4週,250904,Tokyo & Nagoya,証券会社,-1184139.0,-1.184139
2025年9月4週,250904,Tokyo & Nagoya,個　人,129368928.0,129.368928
2025年9月4週,250904,Tokyo & Nagoya,法　人,-694191722.0,-694.191722
2025年9月4週,250904,Tokyo & Nagoya,自己計,1115848450.0,1115.84845
2025年9月4週,250904,TSE Growth,証券会社,311796.0,0.311796
2025年9月4週,250904,Tokyo & Nagoya,投資信託,-276015725.0,-276.015725
2025年9月4週,250904,TSE Growth,投資信託,-706816.0,-0.706816
2025年9月4週,250904,TSE Growth,事業法人,-1614948.0,-1.614948
2025年9月4週,250904,TSE Standard,自己計,-1062924.0,-1.062924
2025年9月4週,250904,TSE Prime,投資信託,-275847389.0,-275.847389
2025年9月4週,250904,TSE Prime,証券会社,-4667941.0,-4.667941
2025年9月4週,250904,TSE Prime,海外投資家,-531265005.0,-531.265005
2025年9月4週,250904,TSE Prime,個　人,104086626.0,104.086626
2025年9月4週,250904,TSE Prime,法　人,-690181260.0,-690.18126
2025年9月4週,250904,TSE Prime,自己計,1119941770.0,1119.94177
2025年9月4週,250904,TSE Prime,事業法人,-21123431.0,-21.123431
2025年9月4週,250904,TSE Standard,投資信託,498116.0,0.498116
2025年9月4週,250904,TSE Standard,証券会社,3177010.0,3.17701
2025年9月4週,250904,TSE Standard,海外投資家,-11745331.0,-11.745331
2025年9月4週,250904,TSE Standard,個　人,3186186.0,3.186186
2025年9月4週,250904,TSE Standard,法　人,353946.0,0.353946
2025年9月4週,250904,TSE Standard,事業法人,1401458.0,1.401458
2025年10月1週,251001,TSE Growth,海外投資家,-18627135.0,-18.627135
2025年10月1週,251001,TSE Growth,個　人,27906369.0,27.906369
2025年10月1週,251001,TSE Growth,法　人,-6538341.0,-6.538341
2025年10月1週,251001,TSE Growth,自己計,-3959051.0,-3.959051
2025年10月1週,251001,Tokyo & Nagoya,事業法人,122708718.0,122.708718
2025年10月1週,251001,Tokyo & Nagoya,海外投資家,1239847859.0,1239.847859
2025年10月1週,251001,Tokyo & Nagoya,証券会社,5863211.0,5.863211
2025年10月1週,251001,Tokyo & Nagoya,個　人,422263337.0,422.263337
2025年10月1週,251001,Tokyo & Nagoya,法　人,-67652427.0,-67.652427
2025年10月1週,251001,Tokyo & Nagoya,自己計,-1645703537.0,-1645.703537
2025年10月1週,251001,TSE Growth,証券会社,821542.0,0.821542
2025年10月1週,251001,Tokyo & Nagoya,投資信託,65085617.0,65.085617
2025年10月1週,251001,TSE Growth,投資信託,-1473265.0,-1.473265
2025年10月1週,251001,TSE Growth,事業法人,-3956921.0,-3.956921
2025年10月1週,251001,TSE Standard,自己計,-10319030.0,-10.31903
2025年10月1週,251001,TSE Prime,投資信託,62124211.0,62.124211
2025年10月1週,251001,TSE Prime,証券会社,3715758.0,3.715758
2025年10月1週,251001,TSE Prime,海外投資家,1278636968.0,1278.636968
2025年10月1週,251001,TSE Prime,個　人,378178372.0,378.178372
2025年10月1週,251001,TSE Prime,法　人,-72547927.0,-72.547927
2025年10月1週,251001,TSE Prime,自己計,-1631349205.0,-1631.349205
2025年10月1週,251001,TSE Prime,事業法人,122755748.0,122.755748
2025年10月1週,251001,TSE Standard,投資信託,4469508.0,4.469508
2025年10月1週,251001,TSE Standard,証券会社,1282292.0,1.282292
2025年10月1週,251001,TSE Standard,海外投資家,-20255318.0,-20.255318
2025年10月1週,251001,TSE Standard,個　人,16311946.0,16.311946
2025年10月1週,251001,TSE Standard,法　人,11458192.0,11.458192
2025年10月1週,251001,TSE Standard,事業法人,3898800.0,3.8988
2025年10月2週,251002,TSE Growth,海外投資家,-2805169.0,-2.805169
2025年10月2週,251002,TSE Growth,個　人,6541902.0,6.541902
2025年10月2週,251002,TSE Growth,法　人,-4422463.0,-4.422463
2025年10月2週,251002,TSE Growth,自己計,-1002410.0,-1.00241
2025年10月2週,251002,Tokyo & Nagoya,事業法人,150449606.0,150.449606
2025年10月2週,251002,Tokyo & Nagoya,海外投資家,1058677402.0,1058.677402
2025年10月2週,251002,Tokyo & Nagoya,証券会社,-23152551.0,-23.152551
2025年10月2週,251002,Tokyo & Nagoya,個　人,-429019706.0,-429.019706
2025年10月2週,251002,Tokyo & Nagoya,法　人,-504942057.0,-504.942057
2025年10月2週,251002,Tokyo & Nagoya,自己計,-77643803.0,-77.643803
2025年10月2週,251002,TSE Growth,証券会社,-318329.0,-0.318329
2025年10月2週,251002,Tokyo & Nagoya,投資信託,-36365222.0,-36.365222
2025年10月2週,251002,TSE Growth,投資信託,1288137.0,1.288137
2025年10月2週,251002,TSE Growth,事業法人,-4148609.0,-4.148609
2025年10月2週,251002,TSE Standard,自己計,-7421591.0,-7.421591
2025年10月2週,251002,TSE Prime,投資信託,-42182940.0,-42.18294
2025年10月2週,251002,TSE Prime,証券会社,-21981039.0,-21.981039
2025年10月2週,251002,TSE Prime,海外投資家,1071607049.0,1071.607049
2025年10月2週,251002,TSE Prime,個　人,-446720797.0,-446.720797
2025年10月2週,251002,TSE Prime,法　人,-506338823.0,-506.338823
2025年10月2週,251002,TSE Prime,自己計,-69164543.0,-69.164543
2025年10月2週,251002,TSE Prime,事業法人,152812036.0,152.812036
2025年10月2週,251002,TSE Standard,投資信託,4529071.0,4.529071
2025年10月2週,251002,TSE Standard,証券会社,-844243.0,-0.844243
2025年10月2週,251002,TSE Standard,海外投資家,-10147768.0,-10.147768
2025年10月2週,251002,TSE Standard,個　人,10969926.0,10.969926
2025年10月2週,251002,TSE Standard,法　人,5983497.0,5.983497
2025年10月2週,251002,TSE Standard,事業法人,1774688.0,1.774688
2025年10月3週,251003,TSE Standard,海外投資家,-10361026.0,-10.361026
2025年10月3週,251003,TSE Standard,個　人,1916655.0,1.916655
2025年10月3週,251003,TSE Standard,法　人,3938129.0,3.938129
2025年10月3週,251003,TSE Standard,自己計,951831.0,0.951831
2025年10月3週,251003,TSE Prime,事業法人,127070603.0,127.070603
2025年10月3週,251003,TSE Prime,海外投資家,183252322.0,183.252322
2025年10月3週,251003,TSE Prime,証券会社,5107204.0,5.107204
2025年10月3週,251003,TSE Prime,個　人,315779132.0,315.779132
2025年10月3週,251003,TSE Prime,法　人,-143681235.0,-143.681235
2025年10月3週,251003,TSE Prime,自己計,-356089970.0,-356.08997
2025年10月3週,251003,TSE Standard,証券会社,1154750.0,1.15475
2025年10月3週,251003,TSE Prime,投資信託,-148168710.0,-148.16871
2025年10月3週,251003,TSE Standard,投資信託,-530076.0,-0.530076
2025年10月3週,251003,Tokyo & Nagoya,事業法人,131396725.0,131.396725
2025年10月3週,251003,TSE Growth,自己計,-4860649.0,-4.860649
2025年10月3週,251003,Tokyo & Nagoya,投資信託,-152487276.0,-152.487276
2025年10月3週,251003,Tokyo & Nagoya,証券会社,6611582.0,6.611582
2025年10月3週,251003,Tokyo & Nagoya,海外投資家,153283869.0,153.283869
2025年10月3週,251003,Tokyo & Nagoya,個　人,343116476.0,343.116476
2025年10月3週,251003,Tokyo & Nagoya,法　人,-143878510.0,-143.87851
2025年10月3週,251003,Tokyo & Nagoya,自己計,-360051677.0,-360.051677
2025年10月3週,251003,TSE Standard,事業法人,3928663.0,3.928663
2025年10月3週,251003,TSE Growth,投資信託,-3792020.0,-3.79202
2025年10月3週,251003,TSE Growth,証券会社,347488.0,0.347488
2025年10月3週,251003,TSE Growth,海外投資家,-19842910.0,-19.84291
2025年10月3週,251003,TSE Growth,個　人,24992283.0,24.992283
2025年10月3週,251003,TSE Growth,法　人,-3696289.0,-3.696289
2025年10月3週,251003,TSE Growth,事業法人,580982.0,0.580982
2025年10月4週,251004,TSE Standard,海外投資家,6987499.0,6.987499
2025年10月4週,251004,TSE Standard,個　人,-2469586.0,-2.469586
2025年10月4週,251004,TSE Standard,法　人,-4804180.0,-4.80418
2025年10月4週,251004,TSE Standard,自己計,-4613795.0,-4.613795
2025年10月4週,251004,TSE Prime,事業法人,65493444.0,65.493444
2025年10月4週,251004,TSE Prime,海外投資家,650182808.0,650.182808
2025年10月4週,251004,TSE Prime,証券会社,-24970034.0,-24.970034
2025年10月4週,251004,TSE Prime,個　人,-530704169.0,-530.704169
2025年10月4週,251004,TSE Prime,法　人,-162250608.0,-162.250608
2025年10月4週,251004,TSE Prime,自己計,70411440.0,70.41144
2025年10月4週,251004,TSE Standard,証券会社,-456830.0,-0.45683
2025年10月4週,251004,TSE Prime,投資信託,-113614776.0,-113.614776
2025年10月4週,251004,TSE Standard,投資信託,-3284645.0,-3.284645
2025年10月4週,251004,TSE Standard,事業法人,-249121.0,-0.249121
2025年10月4週,251004,TSE Growth,自己計,-7299869.0,-7.299869
2025年10月4週,251004,Tokyo & Nagoya,投資信託,-116556111.0,-116.556111
2025年10月4週,251004,Tokyo & Nagoya,証券会社,-24937141.0,-24.937141
2025年10月4週,251004,Tokyo & Nagoya,海外投資家,643645071.0,643.645071
2025年10月4週,251004,Tokyo & Nagoya,個　人,-512482450.0,-512.48245
2025年10月4週,251004,Tokyo & Nagoya,法　人,-171348330.0,-171.34833
2025年10月4週,251004,Tokyo & Nagoya,自己計,58419662.0,58.419662
2025年10月4週,251004,Tokyo & Nagoya,事業法人,63975938.0,63.975938
2025年10月4週,251004,TSE Growth,投資信託,328421.0,0.328421
2025年10月4週,251004,TSE Growth,証券会社,489847.0,0.489847
2025年10月4週,251004,TSE Growth,海外投資家,-13580840.0,-13.58084
2025年10月4週,251004,TSE Growth,個　人,20631609.0,20.631609
2025年10月4週,251004,TSE Growth,法　人,-4210363.0,-4.210363
2025年10月4週,251004,TSE Growth,事業法人,-1227052.0,-1.227052
2025年10月5週,251005,TSE Standard,海外投資家,-20276349.0,-20.276349
2025年10月5週,251005,TSE Standard,個　人,30332180.0,30.33218
2025年10月5週,251005,TSE Standard,法　人,-6962795.0,-6.962795
2025年10月5週,251005,TSE Standard,自己計,-8889560.0,-8.88956
2025年10月5週,251005,TSE Prime,事業法人,165680910.0,165.68091
2025年10月5週,251005,TSE Prime,海外投資家,371650523.0,371.650523
2025年10月5週,251005,TSE Prime,証券会社,-12786775.0,-12.786775
2025年10月5週,251005,TSE Prime,個　人,-223949046.0,-223.949046
2025年10月5週,251005,TSE Prime,法　人,-64115158.0,-64.115158
2025年10月5週,251005,TSE Prime,自己計,-80725533.0,-80.725533
2025年10月5週,251005,TSE Standard,証券会社,1120282.0,1.120282
2025年10月5週,251005,TSE Prime,投資信託,-328822940.0,-328.82294
2025年10月5週,251005,TSE Standard,投資信託,-7533891.0,-7.533891
2025年10月5週,251005,Tokyo & Nagoya,事業法人,167367271.0,167.367271
2025年10月5週,251005,TSE Growth,自己計,-323978.0,-0.323978
2025年10月5週,251005,TSE Standard,事業法人,2324984.0,2.324984
2025年10月5週,251005,Tokyo & Nagoya,投資信託,-336537362.0,-336.537362
2025年10月5週,251005,Tokyo & Nagoya,証券会社,-11789707.0,-11.789707
2025年10月5週,251005,Tokyo & Nagoya,海外投資家,345941965.0,345.941965
2025年10月5週,251005,Tokyo & Nagoya,法　人,-72988818.0,-72.988818
2025年10月5週,251005,Tokyo & Nagoya,自己計,-90024783.0,-90.024783
2025年10月5週,251005,Tokyo & Nagoya,個　人,-187683117.0,-187.683117
2025年10月5週,251005,TSE Growth,投資信託,-197128.0,-0.197128
2025年10月5週,251005,TSE Growth,証券会社,-130419.0,-0.130419
2025年10月5週,251005,TSE Growth,海外投資家,-5559573.0,-5.559573
2025年10月5週,251005,TSE Growth,個　人,5929035.0,5.929035
2025年10月5週,251005,TSE Growth,法　人,-1802691.0,-1.802691
2025年10月5週,251005,TSE Growth,事業法人,-580695.0,-0.580695
2025年11月1週,251101,TSE Standard,法　人,1132281.0,1.132281
2025年11月1週,251101,TSE Standard,証券会社,834824.0,0.834824
2025年11月1週,251101,TSE Standard,海外投資家,-20960664.0,-20.960664
2025年11月1週,251101,TSE Standard,個　人,19762605.0,19.762605
2025年11月1週,251101,TSE Standard,自己計,-1122154.0,-1.122154
2025年11月1週,251101,TSE Prime,自己計,-745708800.0,-745.7088
2025年11月1週,251101,TSE Prime,投資信託,263826259.0,263.826259
2025年11月1週,251101,TSE Prime,証券会社,20139487.0,20.139487
2025年11月1週,251101,TSE Prime,海外投資家,-321370409.0,-321.370409
2025年11月1週,251101,TSE Prime,個　人,519484986.0,519.484986
2025年11月1週,251101,TSE Prime,法　人,491715481.0,491.715481
2025年11月1週,251101,TSE Prime,事業法人,203316177.0,203.316177
2025年11月1週,251101,TSE Standard,事業法人,1839950.0,1.83995
2025年11月1週,251101,TSE Standard,投資信託,-2678155.0,-2.678155
2025年11月1週,251101,TSE Growth,法　人,-900232.0,-0.900232
2025年11月1週,251101,Tokyo & Nagoya,事業法人,205482316.0,205.482316
2025年11月1週,251101,Tokyo & Nagoya,投資信託,261321584.0,261.321584
2025年11月1週,251101,Tokyo & Nagoya,証券会社,21242858.0,21.242858
2025年11月1週,251101,Tokyo & Nagoya,海外投資家,-355936941.0,-355.936941
2025年11月1週,251101,Tokyo & Nagoya,個　人,555751415.0,555.751415
2025年11月1週,251101,Tokyo & Nagoya,法　人,491916192.0,491.916192
2025年11月1週,251101,TSE Growth,自己計,-3798772.0,-3.798772
2025年11月1週,251101,TSE Growth,事業法人,319774.0,0.319774
2025年11月1週,251101,TSE Growth,投資信託,184110.0,0.18411
2025年11月1週,251101,TSE Growth,証券会社,271313.0,0.271313
2025年11月1週,251101,TSE Growth,海外投資家,-13688975.0,-13.688975
2025年11月1週,251101,TSE Growth,個　人,16592549.0,16.592549
2025年11月1週,251101,Tokyo & Nagoya,自己計,-750638284.0,-750.638284
2025年11月2週,251102,TSE Standard,海外投資家,554912.0,0.554912
2025年11月2週,251102,TSE Standard,個　人,3126819.0,3.126819
2025年11月2週,251102,TSE Standard,法　人,-2638627.0,-2.638627
2025年11月2週,251102,TSE Standard,自己計,-1575879.0,-1.575879
2025年11月2週,251102,TSE Prime,事業法人,180841590.0,180.84159
2025年11月2週,251102,TSE Prime,海外投資家,521885223.0,521.885223
2025年11月2週,251102,TSE Prime,証券会社,-19021845.0,-19.021845
2025年11月2週,251102,TSE Prime,個　人,-245564259.0,-245.564259
2025年11月2週,251102,TSE Prime,法　人,-522606185.0,-522.606185
2025年11月2週,251102,TSE Prime,自己計,306720748.0,306.720748
2025年11月2週,251102,TSE Standard,証券会社,-745838.0,-0.745838
2025年11月2週,251102,TSE Prime,投資信託,-41798997.0,-41.798997
2025年11月2週,251102,TSE Standard,投資信託,-1576247.0,-1.576247
2025年11月2週,251102,TSE Standard,事業法人,9168174.0,9.168174
2025年11月2週,251102,TSE Growth,自己計,1481468.0,1.481468
2025年11月2週,251102,Tokyo & Nagoya,投資信託,-44635851.0,-44.635851
2025年11月2週,251102,Tokyo & Nagoya,証券会社,-19798093.0,-19.798093
2025年11月2週,251102,Tokyo & Nagoya,海外投資家,514769714.0,514.769714
2025年11月2週,251102,Tokyo & Nagoya,個　人,-236618665.0,-236.618665
2025年11月2週,251102,Tokyo & Nagoya,法　人,-526308496.0,-526.308496
2025年11月2週,251102,Tokyo & Nagoya,自己計,306576370.0,306.57637
2025年11月2週,251102,Tokyo & Nagoya,事業法人,192361359.0,192.361359
2025年11月2週,251102,TSE Growth,投資信託,-1264249.0,-1.264249
2025年11月2週,251102,TSE Growth,証券会社,-26504.0,-0.026504
2025年11月2週,251102,TSE Growth,海外投資家,-7747605.0,-7.747605
2025年11月2週,251102,TSE Growth,個　人,5799051.0,5.799051
2025年11月2週,251102,TSE Growth,法　人,-961507.0,-0.961507
2025年11月2週,251102,TSE Growth,事業法人,2384249.0,2.384249
2025年11月3週,251103,TSE Standard,海外投資家,10478375.0,10.478375
2025年11月3週,251103,TSE Standard,個　人,-4302959.0,-4.302959
2025年11月3週,251103,TSE Standard,法　人,-3577265.0,-3.577265
2025年11月3週,251103,TSE Standard,自己計,1355418.0,1.355418
2025年11月3週,251103,TSE Prime,事業法人,258155700.0,258.1557
2025年11月3週,251103,TSE Prime,海外投資家,-403243124.0,-403.243124
2025年11月3週,251103,TSE Prime,証券会社,10445112.0,10.445112
2025年11月3週,251103,TSE Prime,個　人,131485072.0,131.485072
2025年11月3週,251103,TSE Prime,法　人,-18098717.0,-18.098717
2025年11月3週,251103,TSE Prime,自己計,319193260.0,319.19326
2025年11月3週,251103,TSE Standard,証券会社,-2499837.0,-2.499837
2025年11月3週,251103,TSE Prime,投資信託,-119669343.0,-119.669343
2025年11月3週,251103,TSE Standard,投資信託,-4133404.0,-4.133404
2025年11月3週,251103,TSE Standard,事業法人,1714190.0,1.71419
2025年11月3週,251103,TSE Growth,自己計,1971116.0,1.971116
2025年11月3週,251103,Tokyo & Nagoya,投資信託,-124649985.0,-124.649985
2025年11月3週,251103,Tokyo & Nagoya,証券会社,7268789.0,7.268789
2025年11月3週,251103,Tokyo & Nagoya,海外投資家,-383632919.0,-383.632919
2025年11月3週,251103,Tokyo & Nagoya,個　人,115895491.0,115.895491
2025年11月3週,251103,Tokyo & Nagoya,法　人,-21275806.0,-21.275806
2025年11月3週,251103,Tokyo & Nagoya,自己計,322465774.0,322.465774
2025年11月3週,251103,Tokyo & Nagoya,事業法人,259495478.0,259.495478
2025年11月3週,251103,TSE Growth,投資信託,-853599.0,-0.853599
2025年11月3週,251103,TSE Growth,証券会社,-629709.0,-0.629709
2025年11月3週,251103,TSE Growth,海外投資家,9066761.0,9.066761
2025年11月3週,251103,TSE Growth,個　人,-11392913.0,-11.392913
2025年11月3週,251103,TSE Growth,法　人,401223.0,0.401223
2025年11月3週,251103,TSE Growth,事業法人,-367927.0,-0.367927
2025年11月4週,251104,TSE Standard,海外投資家,14351533.0,14.351533
2025年11月4週,251104,TSE Standard,個　人,-15316282.0,-15.316282
2025年11月4週,251104,TSE Standard,法　人,-2893346.0,-2.893346
2025年11月4週,251104,TSE Standard,自己計,5803695.0,5.803695
2025年11月4週,251104,TSE Prime,事業法人,168588252.0,168.588252
2025年11月4週,251104,TSE Prime,海外投資家,-138828994.0,-138.828994
2025年11月4週,251104,TSE Prime,証券会社,-8302716.0,-8.302716
2025年11月4週,251104,TSE Prime,個　人,-426982623.0,-426.982623
2025年11月4週,251104,TSE Prime,法　人,222817560.0,222.81756
2025年11月4週,251104,TSE Prime,自己計,366073659.0,366.073659
2025年11月4週,251104,TSE Standard,証券会社,-911640.0,-0.91164
2025年11月4週,251104,TSE Prime,投資信託,33755653.0,33.755653
2025年11月4週,251104,TSE Standard,投資信託,974508.0,0.974508
2025年11月4週,251104,TSE Standard,事業法人,-144923.0,-0.144923
2025年11月4週,251104,TSE Growth,自己計,-1547715.0,-1.547715
2025年11月4週,251104,Tokyo & Nagoya,投資信託,35694087.0,35.694087
2025年11月4週,251104,Tokyo & Nagoya,証券会社,-9462429.0,-9.462429
2025年11月4週,251104,Tokyo & Nagoya,海外投資家,-116267300.0,-116.2673
2025年11月4週,251104,Tokyo & Nagoya,個　人,-452832883.0,-452.832883
2025年11月4週,251104,Tokyo & Nagoya,法　人,220223690.0,220.22369
2025年11月4週,251104,Tokyo & Nagoya,自己計,370270766.0,370.270766
2025年11月4週,251104,Tokyo & Nagoya,事業法人,167386236.0,167.386236
2025年11月4週,251104,TSE Growth,投資信託,951763.0,0.951763
2025年11月4週,251104,TSE Growth,証券会社,-262167.0,-0.262167
2025年11月4週,251104,TSE Growth,海外投資家,8112243.0,8.112243
2025年11月4週,251104,TSE Growth,個　人,-10394941.0,-10.394941
2025年11月4週,251104,TSE Growth,法　人,215361.0,0.215361
2025年11月4週,251104,TSE Growth,事業法人,-1125784.0,-1.125784
2025年12月1週,251201,TSE Standard,海外投資家,-22549903.0,-22.549903
2025年12月1週,251201,TSE Standard,個　人,18961684.0,18.961684
2025年12月1週,251201,TSE Standard,法　人,-2736652.0,-2.736652
2025年12月1週,251201,TSE Standard,自己計,1706254.0,1.706254
2025年12月1週,251201,TSE Prime,事業法人,200895334.0,200.895334
2025年12月1週,251201,TSE Prime,海外投資家,48916475.0,48.916475
2025年12月1週,251201,TSE Prime,証券会社,1962841.0,1.962841
2025年12月1週,251201,TSE Prime,個　人,163456839.0,163.456839
2025年12月1週,251201,TSE Prime,法　人,45671865.0,45.671865
2025年12月1週,251201,TSE Prime,自己計,-343435268.0,-343.435268
2025年12月1週,251201,TSE Standard,証券会社,1109590.0,1.10959
2025年12月1週,251201,TSE Prime,投資信託,168649897.0,168.649897
2025年12月1週,251201,TSE Standard,投資信託,1316363.0,1.316363
2025年12月1週,251201,Tokyo & Nagoya,事業法人,203801979.0,203.801979
2025年12月1週,251201,TSE Growth,自己計,-3190116.0,-3.190116
2025年12月1週,251201,Tokyo & Nagoya,投資信託,169903360.0,169.90336
2025年12月1週,251201,Tokyo & Nagoya,証券会社,3403136.0,3.403136
2025年12月1週,251201,Tokyo & Nagoya,海外投資家,3459211.0,3.459211
2025年12月1週,251201,Tokyo & Nagoya,個　人,207690665.0,207.690665
2025年12月1週,251201,Tokyo & Nagoya,法　人,42907384.0,42.907384
2025年12月1週,251201,Tokyo & Nagoya,自己計,-344973775.0,-344.973775
2025年12月1週,251201,TSE Standard,事業法人,1839881.0,1.839881
2025年12月1週,251201,TSE Growth,投資信託,-82005.0,-0.082005
2025年12月1週,251201,TSE Growth,証券会社,319733.0,0.319733
2025年12月1週,251201,TSE Growth,海外投資家,-22904265.0,-22.904265
2025年12月1週,251201,TSE Growth,個　人,25268017.0,25.268017
2025年12月1週,251201,TSE Growth,法　人,-80469.0,-0.080469
2025年12月1週,251201,TSE Growth,事業法人,1129578.0,1.129578
2025年12月2週,251202,TSE Standard,海外投資家,-9535157.0,-9.535157
2025年12月2週,251202,TSE Standard,個　人,5517827.0,5.517827
2025年12月2週,251202,TSE Standard,法　人,11010541.0,11.010541
2025年12月2週,251202,TSE Standard,自己計,-10267951.0,-10.267951
2025年12月2週,251202,TSE Prime,事業法人,228606657.0,228.606657
2025年12月2週,251202,TSE Prime,海外投資家,202055472.0,202.055472
2025年12月2週,251202,TSE Prime,証券会社,-2694323.0,-2.694323
2025年12月2週,251202,TSE Prime,個　人,-268853381.0,-268.853381
2025年12月2週,251202,TSE Prime,法　人,578670463.0,578.670463
2025年12月2週,251202,TSE Prime,自己計,-477685061.0,-477.685061
2025年12月2週,251202,TSE Standard,証券会社,1842700.0,1.8427
2025年12月2週,251202,TSE Prime,投資信託,137607272.0,137.607272
2025年12月2週,251202,TSE Standard,投資信託,7944047.0,7.944047
2025年12月2週,251202,TSE Standard,事業法人,2428388.0,2.428388
2025年12月2週,251202,TSE Growth,自己計,-8543836.0,-8.543836
2025年12月2週,251202,Tokyo & Nagoya,投資信託,144695694.0,144.695694
2025年12月2週,251202,Tokyo & Nagoya,証券会社,-1162096.0,-1.162096
2025年12月2週,251202,Tokyo & Nagoya,海外投資家,189792277.0,189.792277
2025年12月2週,251202,Tokyo & Nagoya,個　人,-250281405.0,-250.281405
2025年12月2週,251202,Tokyo & Nagoya,法　人,587201777.0,587.201777
2025年12月2週,251202,Tokyo & Nagoya,自己計,-496601852.0,-496.601852
2025年12月2週,251202,Tokyo & Nagoya,事業法人,231203151.0,231.203151
2025年12月2週,251202,TSE Growth,投資信託,-827052.0,-0.827052
2025年12月2週,251202,TSE Growth,証券会社,-327638.0,-0.327638
2025年12月2週,251202,TSE Growth,海外投資家,-2782541.0,-2.782541
2025年12月2週,251202,TSE Growth,個　人,13033817.0,13.033817
2025年12月2週,251202,TSE Growth,法　人,-2509030.0,-2.50903
2025年12月2週,251202,TSE Growth,事業法人,251230.0,0.25123
2025年12月3週,251203,TSE Standard,海外投資家,-917593.0,-0.917593
2025年12月3週,251203,TSE Standard,個　人,-4764211.0,-4.764211
2025年12月3週,251203,TSE Standard,法　人,2838521.0,2.838521
2025年12月3週,251203,TSE Standard,自己計,2001518.0,2.001518
2025年12月3週,251203,TSE Prime,事業法人,214014409.0,214.014409
2025年12月3週,251203,TSE Prime,海外投資家,-432227807.0,-432.227807
2025年12月3週,251203,TSE Prime,証券会社,9666504.0,9.666504
2025年12月3週,251203,TSE Prime,個　人,251955658.0,251.955658
2025年12月3週,251203,TSE Prime,法　人,-62283372.0,-62.283372
2025年12月3週,251203,TSE Prime,自己計,250466995.0,250.466995
2025年12月3週,251203,TSE Standard,証券会社,-534496.0,-0.534496
2025年12月3週,251203,TSE Prime,投資信託,-74963913.0,-74.963913
2025年12月3週,251203,TSE Standard,投資信託,-1295040.0,-1.29504
2025年12月3週,251203,Tokyo & Nagoya,事業法人,217721621.0,217.721621
2025年12月3週,251203,TSE Growth,自己計,-3156637.0,-3.156637
2025年12月3週,251203,TSE Standard,事業法人,2983455.0,2.983455
2025年12月3週,251203,Tokyo & Nagoya,投資信託,-77501459.0,-77.501459
2025年12月3週,251203,Tokyo & Nagoya,証券会社,8874833.0,8.874833
2025年12月3週,251203,Tokyo & Nagoya,海外投資家,-439099493.0,-439.099493
2025年12月3週,251203,Tokyo & Nagoya,法　人,-60673772.0,-60.673772
2025年12月3週,251203,Tokyo & Nagoya,自己計,249209607.0,249.209607
2025年12月3週,251203,Tokyo & Nagoya,個　人,256533638.0,256.533638
2025年12月3週,251203,TSE Growth,投資信託,-1246609.0,-1.246609
2025年12月3週,251203,TSE Growth,証券会社,-248077.0,-0.248077
2025年12月3週,251203,TSE Growth,海外投資家,-5972292.0,-5.972292
2025年12月3週,251203,TSE Growth,個　人,9270508.0,9.270508
2025年12月3週,251203,TSE Growth,法　人,-1231881.0,-1.231881
2025年12月3週,251203,TSE Growth,事業法人,749279.0,0.749279
2025年12月4週,251204,TSE Standard,法　人,681147.0,0.681147
2025年12月4週,251204,TSE Standard,証券会社,-683094.0,-0.683094
2025年12月4週,251204,TSE Standard,海外投資家,6711819.0,6.711819
2025年12月4週,251204,TSE Standard,個　人,-11885073.0,-11.885073
2025年12月4週,251204,TSE Standard,自己計,4199293.0,4.199293
2025年12月4週,251204,TSE Prime,自己計,271619974.0,271.619974
2025年12月4週,251204,TSE Prime,投資信託,50327531.0,50.327531
2025年12月4週,251204,TSE Prime,証券会社,-8300726.0,-8.300726
2025年12月4週,251204,TSE Prime,海外投資家,-37471712.0,-37.471712
2025年12月4週,251204,TSE Prime,個　人,-358147946.0,-358.147946
2025年12月4週,251204,TSE Prime,法　人,133654945.0,133.654945
2025年12月4週,251204,TSE Standard,投資信託,824073.0,0.824073
2025年12月4週,251204,TSE Standard,事業法人,-7251329.0,-7.251329
2025年12月4週,251204,TSE Prime,事業法人,24524187.0,24.524187
2025年12月4週,251204,TSE Growth,法　人,-1950157.0,-1.950157
2025年12月4週,251204,Tokyo & Nagoya,事業法人,16597606.0,16.597606
2025年12月4週,251204,Tokyo & Nagoya,投資信託,50651164.0,50.651164
2025年12月4週,251204,Tokyo & Nagoya,証券会社,-9438957.0,-9.438957
2025年12月4週,251204,Tokyo & Nagoya,海外投資家,-21032974.0,-21.032974
2025年12月4週,251204,Tokyo & Nagoya,個　人,-385292643.0,-385.292643
2025年12月4週,251204,Tokyo & Nagoya,法　人,132460566.0,132.460566
2025年12月4週,251204,TSE Growth,自己計,6794776.0,6.794776
2025年12月4週,251204,TSE Growth,事業法人,-655716.0,-0.655716
2025年12月4週,251204,TSE Growth,投資信託,-516692.0,-0.516692
2025年12月4週,251204,TSE Growth,証券会社,-415422.0,-0.415422
2025年12月4週,251204,TSE Growth,海外投資家,9693795.0,9.693795
2025年12月4週,251204,TSE Growth,個　人,-15191188.0,-15.191188
2025年12月4週,251204,Tokyo & Nagoya,自己計,282543631.0,282.543631
2025年12月5週,251205,TSE Standard,海外投資家,-3826271.0,-3.826271
2025年12月5週,251205,TSE Standard,個　人,2307257.0,2.307257
2025年12月5週,251205,TSE Standard,法　人,2561318.0,2.561318
2025年12月5週,251205,TSE Standard,自己計,-1385719.0,-1.385719
2025年12月5週,251205,TSE Prime,事業法人,12734351.0,12.734351
2025年12月5週,251205,TSE Prime,海外投資家,-2002089.0,-2.002089
2025年12月5週,251205,TSE Prime,証券会社,1575623.0,1.575623
2025年12月5週,251205,TSE Prime,個　人,173327563.0,173.327563
2025年12月5週,251205,TSE Prime,法　人,22513495.0,22.513495
2025年12月5週,251205,TSE Prime,自己計,-194916447.0,-194.916447
2025年12月5週,251205,TSE Standard,証券会社,121992.0,0.121992
2025年12月5週,251205,TSE Prime,投資信託,-18183476.0,-18.183476
2025年12月5週,251205,TSE Standard,投資信託,610747.0,0.610747
2025年12月5週,251205,TSE Standard,事業法人,706941.0,0.706941
2025年12月5週,251205,TSE Growth,自己計,181947.0,0.181947
2025年12月5週,251205,Tokyo & Nagoya,投資信託,-17774159.0,-17.774159
2025年12月5週,251205,Tokyo & Nagoya,証券会社,1649845.0,1.649845
2025年12月5週,251205,Tokyo & Nagoya,海外投資家,-14987991.0,-14.987991
2025年12月5週,251205,Tokyo & Nagoya,個　人,184684340.0,184.68434
2025年12月5週,251205,Tokyo & Nagoya,法　人,25668348.0,25.668348
2025年12月5週,251205,Tokyo & Nagoya,自己計,-196134567.0,-196.134567
2025年12月5週,251205,Tokyo & Nagoya,事業法人,13879727.0,13.879727
2025年12月5週,251205,TSE Growth,投資信託,-203738.0,-0.203738
2025年12月5週,251205,TSE Growth,証券会社,-34896.0,-0.034896
2025年12月5週,251205,TSE Growth,海外投資家,-9140845.0,-9.140845
2025年12月5週,251205,TSE Growth,個　人,9071159.0,9.071159
2025年12月5週,251205,TSE Growth,法　人,476583.0,0.476583
2025年12月5週,251205,TSE Growth,事業法人,362242.0,0.362242
2026年1月2週,260102,TSE Standard,海外投資家,21045008.0,21.045008
2026年1月2週,260102,TSE Standard,個　人,-17631209.0,-17.631209
2026年1月2週,260102,TSE Standard,法　人,-1650908.0,-1.650908
2026年1月2週,260102,TSE Standard,自己計,3179943.0,3.179943
2026年1月2週,260102,TSE Prime,事業法人,83522955.0,83.522955
2026年1月2週,260102,TSE Prime,海外投資家,750493712.0,750.493712
2026年1月2週,260102,TSE Prime,証券会社,-27651864.0,-27.651864
2026年1月2週,260102,TSE Prime,個　人,-640167423.0,-640.167423
2026年1月2週,260102,TSE Prime,法　人,-439322632.0,-439.322632
2026年1月2週,260102,TSE Prime,自己計,370923127.0,370.923127
2026年1月2週,260102,TSE Standard,証券会社,-815997.0,-0.815997
2026年1月2週,260102,TSE Prime,投資信託,-43976512.0,-43.976512
2026年1月2週,260102,TSE Standard,投資信託,734820.0,0.73482
2026年1月2週,260102,TSE Standard,事業法人,-310508.0,-0.310508
2026年1月2週,260102,TSE Growth,自己計,922859.0,0.922859
2026年1月2週,260102,Tokyo & Nagoya,投資信託,-45570193.0,-45.570193
2026年1月2週,260102,Tokyo & Nagoya,証券会社,-28199358.0,-28.199358
2026年1月2週,260102,Tokyo & Nagoya,海外投資家,780422638.0,780.422638
2026年1月2週,260102,Tokyo & Nagoya,個　人,-662790483.0,-662.790483
2026年1月2週,260102,Tokyo & Nagoya,法　人,-446679963.0,-446.679963
2026年1月2週,260102,Tokyo & Nagoya,自己計,374992255.0,374.992255
2026年1月2週,260102,Tokyo & Nagoya,事業法人,81694620.0,81.69462
2026年1月2週,260102,TSE Growth,投資信託,-2332322.0,-2.332322
2026年1月2週,260102,TSE Growth,証券会社,342790.0,0.34279
2026年1月2週,260102,TSE Growth,海外投資家,8878305.0,8.878305
2026年1月2週,260102,TSE Growth,個　人,-5101471.0,-5.101471
2026年1月2週,260102,TSE Growth,法　人,-5662714.0,-5.662714
2026年1月2週,260102,TSE Growth,事業法人,-1491382.0,-1.491382
2026年1月3週,260103,TSE Standard,海外投資家,-3577990.0,-3.57799
2026年1月3週,260103,TSE Standard,個　人,9853770.0,9.85377
2026年1月3週,260103,TSE Standard,法　人,-306505.0,-0.306505
2026年1月3週,260103,TSE Standard,自己計,-3799565.0,-3.799565
2026年1月3週,260103,TSE Prime,事業法人,174331058.0,174.331058
2026年1月3週,260103,TSE Prime,海外投資家,212782519.0,212.782519
2026年1月3週,260103,TSE Prime,証券会社,19750723.0,19.750723
2026年1月3週,260103,TSE Prime,個　人,446246434.0,446.246434
2026年1月3週,260103,TSE Prime,法　人,-306460509.0,-306.460509
2026年1月3週,260103,TSE Prime,自己計,-396532799.0,-396.532799
2026年1月3週,260103,TSE Standard,証券会社,-69105.0,-0.069105
2026年1月3週,260103,TSE Prime,投資信託,130528659.0,130.528659
2026年1月3週,260103,TSE Standard,投資信託,1551068.0,1.551068
2026年1月3週,260103,TSE Standard,事業法人,1148501.0,1.148501
2026年1月3週,260103,TSE Growth,自己計,-5085363.0,-5.085363
2026年1月3週,260103,Tokyo & Nagoya,投資信託,130745865.0,130.745865
2026年1月3週,260103,Tokyo & Nagoya,証券会社,19520360.0,19.52036
2026年1月3週,260103,Tokyo & Nagoya,海外投資家,192161421.0,192.161421
2026年1月3週,260103,Tokyo & Nagoya,事業法人,175746545.0,175.746545
2026年1月3週,260103,Tokyo & Nagoya,法　人,-306599202.0,-306.599202
2026年1月3週,260103,Tokyo & Nagoya,自己計,-405459108.0,-405.459108
2026年1月3週,260103,Tokyo & Nagoya,個　人,479204452.0,479.204452
2026年1月3週,260103,TSE Growth,投資信託,-1291942.0,-1.291942
2026年1月3週,260103,TSE Growth,証券会社,-188954.0,-0.188954
2026年1月3週,260103,TSE Growth,海外投資家,-17073711.0,-17.073711
2026年1月3週,260103,TSE Growth,個　人,23085714.0,23.085714
2026年1月3週,260103,TSE Growth,法　人,212492.0,0.212492
2026年1月3週,260103,TSE Growth,事業法人,245771.0,0.245771
2026年1月4週,260104,TSE Standard,海外投資家,-16407280.0,-16.40728
2026年1月4週,260104,TSE Standard,個　人,26136327.0,26.136327
2026年1月4週,260104,TSE Standard,法　人,1410364.0,1.410364
2026年1月4週,260104,TSE Standard,自己計,-5438723.0,-5.438723
2026年1月4週,260104,TSE Prime,事業法人,318222325.0,318.222325
2026年1月4週,260104,TSE Prime,自己計,-809636985.0,-809.636985
2026年1月4週,260104,TSE Prime,証券会社,21263564.0,21.263564
2026年1月4週,260104,TSE Prime,海外投資家,187026279.0,187.026279
2026年1月4週,260104,TSE Prime,個　人,793592059.0,793.592059
2026年1月4週,260104,TSE Prime,法　人,-244746955.0,-244.746955
2026年1月4週,260104,TSE Standard,証券会社,875364.0,0.875364
2026年1月4週,260104,TSE Prime,投資信託,-93210776.0,-93.210776
2026年1月4週,260104,TSE Standard,投資信託,1151294.0,1.151294
2026年1月4週,260104,TSE Growth,事業法人,389204.0,0.389204
2026年1月4週,260104,TSE Growth,自己計,-4561783.0,-4.561783
2026年1月4週,260104,Tokyo & Nagoya,事業法人,319018639.0,319.018639
2026年1月4週,260104,Tokyo & Nagoya,投資信託,-91760097.0,-91.760097
2026年1月4週,260104,Tokyo & Nagoya,証券会社,22269519.0,22.269519
2026年1月4週,260104,Tokyo & Nagoya,海外投資家,159890739.0,159.890739
2026年1月4週,260104,Tokyo & Nagoya,個　人,834854476.0,834.854476
2026年1月4週,260104,Tokyo & Nagoya,法　人,-244649149.0,-244.649149
2026年1月4週,260104,TSE Standard,事業法人,369822.0,0.369822
2026年1月4週,260104,TSE Growth,投資信託,295787.0,0.295787
2026年1月4週,260104,TSE Growth,証券会社,148289.0,0.148289
2026年1月4週,260104,TSE Growth,海外投資家,-10701609.0,-10.701609
2026年1月4週,260104,TSE Growth,個　人,15137057.0,15.137057
2026年1月4週,260104,TSE Growth,法　人,-1371935.0,-1.371935
2026年1月4週,260104,Tokyo & Nagoya,自己計,-819654960.0,-819.65496
2026年2月1週,260201,TSE Standard,海外投資家,21020822.0,21.020822
2026年2月1週,260201,TSE Standard,個　人,-25998195.0,-25.998195
2026年2月1週,260201,TSE Standard,法　人,5888507.0,5.888507
2026年2月1週,260201,TSE Standard,自己計,224128.0,0.224128
2026年2月1週,260201,TSE Prime,事業法人,391637910.0,391.63791
2026年2月1週,260201,TSE Prime,海外投資家,248667393.0,248.667393
2026年2月1週,260201,TSE Prime,証券会社,-2503286.0,-2.503286
2026年2月1週,260201,TSE Prime,個　人,-417040317.0,-417.040317
2026年2月1週,260201,TSE Prime,法　人,-246657495.0,-246.657495
2026年2月1週,260201,TSE Prime,自己計,610023052.0,610.023052
2026年2月1週,260201,TSE Standard,証券会社,-883177.0,-0.883177
2026年2月1週,260201,TSE Prime,投資信託,-55715237.0,-55.715237
2026年2月1週,260201,TSE Standard,投資信託,4633027.0,4.633027
2026年2月1週,260201,TSE Standard,事業法人,3169149.0,3.169149
2026年2月1週,260201,TSE Growth,自己計,-811169.0,-0.811169
2026年2月1週,260201,Tokyo & Nagoya,投資信託,-51347874.0,-51.347874
2026年2月1週,260201,Tokyo & Nagoya,証券会社,-3490837.0,-3.490837
2026年2月1週,260201,Tokyo & Nagoya,海外投資家,274598118.0,274.598118
2026年2月1週,260201,Tokyo & Nagoya,事業法人,392969908.0,392.969908
2026年2月1週,260201,Tokyo & Nagoya,法　人,-247117090.0,-247.11709
2026年2月1週,260201,Tokyo & Nagoya,自己計,609367807.0,609.367807
2026年2月1週,260201,Tokyo & Nagoya,個　人,-440274611.0,-440.274611
2026年2月1週,260201,TSE Growth,投資信託,-254159.0,-0.254159
2026年2月1週,260201,TSE Growth,証券会社,-125066.0,-0.125066
2026年2月1週,260201,TSE Growth,海外投資家,4922255.0,4.922255
2026年2月1週,260201,TSE Growth,個　人,2153768.0,2.153768
2026年2月1週,260201,TSE Growth,法　人,-5811434.0,-5.811434
2026年2月1週,260201,TSE Growth,事業法人,-1679989.0,-1.679989
2026年2月2週,260202,TSE Standard,海外投資家,44815008.0,44.815008
2026年2月2週,260202,TSE Standard,個　人,-33380631.0,-33.380631
2026年2月2週,260202,TSE Standard,法　人,-25630337.0,-25.630337
2026年2月2週,260202,TSE Standard,自己計,12976472.0,12.976472
2026年2月2週,260202,TSE Prime,事業法人,114034538.0,114.034538
2026年2月2週,260202,TSE Prime,自己計,731978235.0,731.978235
2026年2月2週,260202,TSE Prime,証券会社,-41539049.0,-41.539049
2026年2月2週,260202,TSE Prime,海外投資家,1191806644.0,1191.806644
2026年2月2週,260202,TSE Prime,個　人,-1138162022.0,-1138.162022
2026年2月2週,260202,TSE Prime,法　人,-757866598.0,-757.866598
2026年2月2週,260202,TSE Standard,証券会社,-754565.0,-0.754565
2026年2月2週,260202,TSE Prime,投資信託,-164455387.0,-164.455387
2026年2月2週,260202,TSE Standard,投資信託,-15890381.0,-15.890381
2026年2月2週,260202,TSE Growth,事業法人,-2885363.0,-2.885363
2026年2月2週,260202,TSE Growth,自己計,2871944.0,2.871944
2026年2月2週,260202,Tokyo & Nagoya,事業法人,114756655.0,114.756655
2026年2月2週,260202,Tokyo & Nagoya,投資信託,-179159904.0,-179.159904
2026年2月2週,260202,Tokyo & Nagoya,証券会社,-41675144.0,-41.675144
2026年2月2週,260202,TSE Standard,事業法人,3107802.0,3.107802
2026年2月2週,260202,Tokyo & Nagoya,個　人,-1165871721.0,-1165.871721
2026年2月2週,260202,Tokyo & Nagoya,法　人,-787761435.0,-787.761435
2026年2月2週,260202,Tokyo & Nagoya,海外投資家,1232355439.0,1232.355439
2026年2月2週,260202,TSE Growth,投資信託,1190509.0,1.190509
2026年2月2週,260202,TSE Growth,証券会社,623147.0,0.623147
2026年2月2週,260202,TSE Growth,海外投資家,-4334397.0,-4.334397
2026年2月2週,260202,TSE Growth,個　人,5635469.0,5.635469
2026年2月2週,260202,TSE Growth,法　人,-4261831.0,-4.261831
2026年2月2週,260202,Tokyo & Nagoya,自己計,747776487.0,747.776487
2026年2月3週,260203,TSE Standard,証券会社,-291119.0,-0.291119
2026年2月3週,260203,TSE Standard,海外投資家,12233004.0,12.233004
2026年2月3週,260203,TSE Standard,個　人,-9893774.0,-9.893774
2026年2月3週,260203,TSE Standard,法　人,-9645351.0,-9.645351
2026年2月3週,260203,TSE Standard,自己計,3975554.0,3.975554
2026年2月3週,260203,TSE Prime,法　人,-1219481304.0,-1219.481304
2026年2月3週,260203,TSE Prime,投資信託,-301452783.0,-301.452783
2026年2月3週,260203,TSE Prime,証券会社,16353403.0,16.353403
2026年2月3週,260203,TSE Prime,海外投資家,523389703.0,523.389703
2026年2月3週,260203,TSE Prime,個　人,558485275.0,558.485275
2026年2月3週,260203,TSE Standard,投資信託,-662256.0,-0.662256
2026年2月3週,260203,TSE Prime,事業法人,294257777.0,294.257777
2026年2月3週,260203,TSE Standard,事業法人,-325694.0,-0.325694
2026年2月3週,260203,TSE Growth,事業法人,-436125.0,-0.436125
2026年2月3週,260203,TSE Growth,法　人,-7282840.0,-7.28284
2026年2月3週,260203,TSE Growth,個　人,-2112147.0,-2.112147
2026年2月3週,260203,TSE Growth,海外投資家,6829650.0,6.82965
2026年2月3週,260203,TSE Growth,証券会社,-1304219.0,-1.304219
2026年2月3週,260203,TSE Growth,投資信託,577907.0,0.577907
2026年2月3週,260203,Tokyo & Nagoya,自己計,75017444.0,75.017444
2026年2月3週,260203,Tokyo & Nagoya,法　人,-1236658294.0,-1236.658294
2026年2月3週,260203,Tokyo & Nagoya,個　人,546619288.0,546.619288
2026年2月3週,260203,Tokyo & Nagoya,海外投資家,542666606.0,542.666606
2026年2月3週,260203,Tokyo & Nagoya,証券会社,14748746.0,14.748746
2026年2月3週,260203,Tokyo & Nagoya,投資信託,-301538232.0,-301.538232
2026年2月3週,260203,Tokyo & Nagoya,事業法人,293280354.0,293.280354
2026年2月3週,260203,TSE Growth,自己計,3212258.0,3.212258
2026年2月3週,260203,TSE Prime,自己計,67909594.0,67.909594
